direction,t1_bias,t1_strength,t1_pd_zone,t2_in_4h_ob,t2_in_1h_ob,t2_in_fvg,t2_in_brk,t2_in_rej,t2_in_mit,t2_in_vi,zone_quality,t2_confluence,t2m30_in_ob,t2m30_in_fvg,t2m30_in_brk,t2m30_in_rej,t2m30_choch,t2m30_zone_qual,t4_in_5m_ob,ob_height_atr,entry_depth_ob,session,t3_in_ote,t3_choch,swept,conf_score,sl_atr_ratio,rr_potential,atr_pct_of_price,tp2_distance_r,rvol,vol_pct,mom_12b,mom_48b,mom_96b,body_ratio,atr_rank,bb_score,tsm_score,day_of_week,label,sym,ts,entry,sl,tp1,ml_proba
1,0,0.0,0,0,0,0,0,0,0,1,0.75,0.75,0,0,0,0,0,,0,0.05117927318287898,0.0,0,1,1,1,0.6770324353587202,2.0000000000000067,3.999999999999991,0.006643865070584083,0.0,0.0,0.0,0.0,0.0,0.0,0.0,0.0,0.0,0.0,0.0,0,SILVER,2024-06-13 08:00:00+00:00,29.40999984741211,29.0192077059879,30.973168413108947,0.27862405492403974
1,0,0.0,0,0,0,0,0,1,0,0,0.9000000000000001,0.75,0,0,0,0,0,,0,0.3406190658343398,1.0,0,0,1,1,0.6294000615510688,2.0000000000000067,3.99999999999998,0.004848450015627993,0.0,0.0,0.0,0.0,0.0,0.0,0.0,0.0,0.0,0.0,0.0,0,COPPER,2024-06-13 08:00:00+00:00,4.541500091552734,4.4974616191730075,4.717653981071641,0.31661580104142134
1,0,0.0,0,0,0,0,0,0,0,1,0.75,0.75,0,0,0,0,0,,0,0.05243274910223211,0.0,0,1,1,1,0.6770324353587202,1.999999999999997,4.000000000000009,0.006490551688728432,0.0,0.0,0.0,0.0,0.0,0.0,0.0,0.0,0.0,0.0,0.0,0,SILVER,2024-06-13 09:00:00+00:00,29.385000228881836,29.003550503164128,30.910799131752672,0.3102122654624927
1,0,0.0,0,0,0,0,0,0,0,1,0.75,0.75,0,0,0,0,0,,0,0.05365294845699648,0.0,-1,1,1,1,0.6770324353587202,2.0000000000000075,3.999999999999981,0.0063559184266061995,0.0,0.0,0.0,0.0,0.0,0.0,0.0,0.0,0.0,0.0,0.0,0,SILVER,2024-06-13 10:00:00+00:00,29.325000762939453,28.952226137520636,30.816099264614714,0.2014607729708953
0,0,0.0,0,0,0,0,0,1,0,0,0.75,0.75,0,0,0,0,0,,0,0.9524616732941732,1.0,1,0,1,1,0.6829914344887515,2.0000000000000004,4.0,0.010954943029426538,45.641497053606635,0.0,0.0,0.0,0.0,0.0,0.0,0.0,0.0,0.0,0.0,1,NATGAS,2024-06-13 12:00:00+00:00,2.9709999561309814,3.0360942266506687,2.7106228740522322,0.20388329213665027
1,0,0.0,0,0,1,0,0,0,1,0,0.75,0.75,0,0,0,0,0,,1,0.04628416459272835,0.0,1,1,1,1,0.6554570164805167,1.5000000000000044,4.0,0.007377891848438157,0.0,0.0,0.0,0.0,0.0,0.0,0.0,0.0,0.0,0.0,0.0,0,SILVER,2024-06-13 13:00:00+00:00,29.28499984741211,28.960907504928507,30.58136921734652,0.16147367370586962
1,0,0.0,0,0,1,0,0,0,1,0,0.9000000000000001,0.75,0,0,0,0,0,,0,0.31956938380211725,1.0,1,1,1,1,0.643874071455639,0.2352103754635595,4.0,0.005181503233523762,0.0,0.0,0.0,0.0,0.0,0.0,0.0,0.0,0.0,0.0,0.0,0,COPPER,2024-06-13 13:00:00+00:00,4.5295000076293945,4.523979709747524,4.551581199156878,0.30876114041776775
1,0,0.0,0,0,1,0,0,0,1,0,0.75,0.75,0,0,0,0,0,,1,0.045695942593124844,0.0,1,1,1,1,0.6554570164805167,1.499999999999995,4.0,0.007492051543795281,0.0,0.0,0.0,0.0,0.0,0.0,0.0,0.0,0.0,0.0,0.0,0,SILVER,2024-06-13 14:00:00+00:00,29.209999084472656,28.881734856370034,30.523055996883144,0.16147367370586962
1,0,0.0,0,0,0,0,0,1,0,0,0.75,0.75,0,0,0,0,0,,0,0.05903436142093975,0.0,0,1,1,1,0.6531731756064195,2.000000000000003,3.9999999999999893,0.005808220240253811,0.0,0.0,0.0,0.0,0.0,0.0,0.0,0.0,0.0,0.0,0.0,1,SILVER,2024-06-14 07:00:00+00:00,29.165000915527344,28.82620741827817,30.520174904524037,0.4639440505389545
1,0,0.0,0,0,0,0,0,1,0,0,0.75,0.75,0,0,0,0,0,,0,0.060160599521625446,0.0,0,1,1,1,0.6531731756064195,1.999999999999998,4.0,0.005699487299030439,0.0,0.0,0.0,0.0,0.0,0.0,0.0,0.0,0.0,0.0,0.0,1,SILVER,2024-06-14 08:00:00+00:00,29.165000915527344,28.832549810938826,30.494805333881416,0.48163834852735155
1,0,0.0,0,0,0,0,0,1,0,0,0.75,0.75,0,0,0,0,0,,0,0.061379796414835416,0.0,0,1,1,1,0.6531731756064195,2.000000000000009,3.9999999999999782,0.005587235525657435,0.0,0.0,0.0,0.0,0.0,0.0,0.0,0.0,0.0,0.0,0.0,1,SILVER,2024-06-14 09:00:00+00:00,29.15999984741211,28.834152273260855,30.46339014401712,0.3794218561318581
1,0,0.0,0,0,0,0,0,1,0,1,0.75,0.75,0,0,0,0,0,,0,0.05857905877178658,0.0,1,0,1,1,0.6193680692738203,1.9999999999999953,4.000000000000011,0.005844347185292955,0.0,0.0,0.0,0.0,0.0,0.0,0.0,0.0,0.0,0.0,0.0,1,SILVER,2024-06-14 14:00:00+00:00,29.209999084472656,28.868572332609162,30.575706091926637,0.34327744663749793
1,0,0.0,0,0,0,0,0,1,0,1,0.75,0.75,0,0,0,0,0,,0,0.059977202695167216,0.0,-1,0,1,1,0.6294000615510688,2.0000000000000018,4.0,0.005703226586276863,0.0,0.0,0.0,0.0,0.0,0.0,0.0,0.0,0.0,0.0,0.0,1,SILVER,2024-06-14 15:00:00+00:00,29.235000610351562,28.901532944890008,30.568871272197782,0.44836644836381917
1,0,0.0,0,0,0,0,0,1,0,0,0.75,0.75,0,0,0,0,0,,0,0.13353839763539924,1.0,-1,0,1,1,0.6294000615510688,1.9999999999999984,4.0,0.006355770327960643,0.0,0.0,0.0,0.0,0.0,0.0,0.0,0.0,0.0,0.0,0.0,0,SILVER,2024-06-18 15:00:00+00:00,29.454999923706055,29.080581494655707,30.952673639907445,0.3346110105748447
1,0,0.0,0,0,0,0,0,1,0,0,0.75,0.75,0,0,0,0,0,,0,1.5705638959659822,1.0,1,0,1,1,0.6193680692738203,1.9999999999999962,4.0,0.005573593469831387,0.0,0.0,0.0,0.0,0.0,0.0,0.0,0.0,0.0,0.0,0.0,0,COPPER,2024-06-20 14:00:00+00:00,4.569499969482422,4.518562899101818,4.773248251004837,0.34426810056070684
1,0,0.0,0,0,1,0,0,0,1,0,0.9000000000000001,0.75,0,0,0,0,0,,0,2.270338352618536,1.0,2,0,0,1,0.5639935616185703,0.9730064488088488,4.0,0.003976639733595132,0.0,0.0,0.0,0.0,0.0,0.0,0.0,0.0,0.0,0.0,0.0,0,COPPER,2024-06-24 19:00:00+00:00,4.430500030517578,4.413357114004621,4.4990716965694055,0.3709888324866585
1,0,0.0,0,0,0,0,0,1,0,0,0.75,0.75,0,0,0,0,0,,0,0.38589802073828305,1.0,1,0,1,1,0.9082573419766657,1.999999999999982,4.00000000000004,0.002436682026234386,0.0,0.0,0.0,0.0,0.0,0.0,0.0,0.0,0.0,0.0,0.0,0,GOLD,2024-06-25 14:00:00+00:00,2339.60009765625,2328.1983746431797,2385.2069897085316,0.09359601137306815
1,0,0.0,0,0,1,0,0,1,1,0,0.75,0.75,0,0,0,0,0,,1,0.3551948143280371,1.0,-1,1,1,1,0.9743475801873289,1.5000000000000093,4.0,0.002650255305965603,0.0,0.0,0.0,0.0,0.0,0.0,0.0,0.0,0.0,0.0,0.0,0,GOLD,2024-06-25 15:00:00+00:00,2337.0,2327.7095300249375,2374.16187990025,0.1270445898510754
1,0,0.0,0,1,0,0,0,0,0,0,0.75,0.75,0,0,0,0,0,,0,0.3646763421341805,0.04538896903784264,2,0,1,1,0.8440179761525454,0.3801381337716733,4.0,0.0025875495665410486,0.0,0.0,0.0,0.0,0.0,0.0,0.0,0.0,0.0,0.0,0.0,0,GOLD,2024-06-25 18:00:00+00:00,2331.39990234375,2329.1066761696275,2340.57280704024,0.10993938535362978
1,0,0.0,0,1,0,0,0,0,0,0,0.75,0.75,0,0,0,0,0,,0,0.38439603686282187,0.27266674065031626,2,1,1,1,0.8852535262672799,0.488058591990974,4.0,0.002454280721882257,0.0,0.0,0.0,0.0,0.0,0.0,0.0,0.0,0.0,0.0,0.0,0,GOLD,2024-06-25 19:00:00+00:00,2331.89990234375,2329.1066761696275,2343.07280704024,0.10107373355890895
0,0,0.0,0,0,0,1,0,0,0,0,0.75,0.9000000000000001,0,0,0,0,0,,0,0.7042743695271078,1.0,0,0,1,1,0.7788512200098527,2.0,4.0,0.010735279462586464,46.57540604718775,0.0,0.0,0.0,0.0,0.0,0.0,0.0,0.0,0.0,0.0,0,COFFEE,2024-06-27 08:00:00+00:00,224.85000610351562,229.67766140888665,205.53938488203153,0.06883318216317147
0,0,0.0,0,0,0,1,0,0,0,0,0.75,0.9000000000000001,0,0,0,0,0,,0,0.7035213901825845,1.0,0,1,1,1,0.8082692642976369,2.0,4.0,0.010670837740611684,46.85667725009738,0.0,0.0,0.0,0.0,0.0,0.0,0.0,0.0,0.0,0.0,0,COFFEE,2024-06-27 09:00:00+00:00,226.4499969482422,231.2828192958356,207.11870755786856,0.06600045032162177
0,0,0.0,0,0,0,1,0,0,0,0,0.75,0.9000000000000001,0,0,0,0,0,,0,0.7342641459853642,1.0,-1,1,1,1,0.8082692642976369,2.0000000000000044,3.999999999999994,0.010208284461833013,48.97982632335643,0.0,0.0,0.0,0.0,0.0,0.0,0.0,0.0,0.0,0.0,0,COFFEE,2024-06-27 10:00:00+00:00,226.8000030517578,231.4304809459517,208.2780914749823,0.06722612882225759
0,0,0.0,0,0,0,1,0,1,0,0,0.75,0.9000000000000001,0,0,0,0,0,,0,0.7235988551217695,1.0,1,1,1,1,0.7375168370505734,1.9999999999999996,4.0,0.010322336231779295,48.438646908308804,0.0,0.0,0.0,0.0,0.0,0.0,0.0,0.0,0.0,0.0,0,COFFEE,2024-06-27 12:00:00+00:00,227.60000610351562,232.29873368222664,208.80509578867157,0.0767828992488542
0,0,0.0,0,0,0,1,0,0,0,0,0.75,0.9000000000000001,0,0,0,0,0,,0,0.7393191460581295,1.0,1,1,1,1,0.7375168370505734,2.000000000000002,3.999999999999994,0.010145196818570205,49.28440610287401,0.0,0.0,0.0,0.0,0.0,0.0,0.0,0.0,0.0,0.0,0,COFFEE,2024-06-27 13:00:00+00:00,226.64999389648438,231.24881149049952,208.25472352042382,0.0778499847766482
1,0,0.0,0,0,0,0,0,1,0,0,0.75,0.55,0,0,0,0,0,,0,0.5561518193408642,0.0,1,0,1,1,0.708282564604298,2.000000000000001,4.0,0.00870501968214006,0.0,0.0,0.0,0.0,0.0,0.0,0.0,0.0,0.0,0.0,0.0,1,PALLADIUM,2024-06-27 13:00:00+00:00,929.5,913.3173684109016,994.2305263563935,0.3308502887396496
0,0,0.0,0,0,0,1,0,0,0,0,0.75,0.9000000000000001,0,0,0,0,0,,0,0.7617862100314301,1.0,1,0,1,1,0.709446768664329,1.999999999999995,4.000000000000012,0.009880864151779896,50.602861482508445,0.0,0.0,0.0,0.0,0.0,0.0,0.0,0.0,0.0,0.0,0,COFFEE,2024-06-27 14:00:00+00:00,225.85000610351562,230.3131925614906,207.99726027161563,0.08749579961348226
0,0,0.0,0,0,0,1,0,0,0,0,0.75,0.9000000000000001,0,0,0,0,0,,0,0.7800525039683968,1.0,-1,0,1,1,0.7209377783844522,2.0000000000000027,3.9999999999999933,0.009668751680512344,51.712983901299715,0.0,0.0,0.0,0.0,0.0,0.0,0.0,0.0,0.0,0.0,0,COFFEE,2024-06-27 15:00:00+00:00,225.39999389648438,229.7586670360326,207.96530133829154,0.07462017581003906
0,0,0.0,0,0,0,0,0,1,0,0,0.9000000000000001,0.9000000000000001,0,0,0,0,0,,0,0.7086505718273977,0.0,0,1,1,1,0.7481683699895885,1.999999999999997,4.000000000000007,0.00900192737252639,55.54366074158581,0.0,0.0,0.0,0.0,0.0,0.0,0.0,0.0,0.0,0.0,0,COFFEE,2024-06-28 08:00:00+00:00,227.3000030517578,231.3922792902517,210.9308980977822,0.0863365580962986
0,0,0.0,0,1,0,1,0,0,0,0,0.9000000000000001,1.0,0,0,0,0,0,,0,0.6225497679047345,0.3793132478137793,1,1,1,1,0.8318288409935137,0.6317747338287435,4.0,0.010294480250378815,153.7564424005362,0.0,0.0,0.0,0.0,0.0,0.0,0.0,0.0,0.0,0.0,0,COFFEE,2024-06-28 12:00:00+00:00,226.25,227.72148305766999,220.36406776932006,0.0892199955702809
0,0,0.0,0,1,0,1,0,0,0,0,0.9000000000000001,1.0,0,0,0,0,0,,0,0.6221516725397191,1.0,1,0,1,1,0.8001692350301896,1.1247997959779508,4.0,0.010353693595366574,85.86762731092888,0.0,0.0,0.0,0.0,0.0,0.0,0.0,0.0,0.0,0.0,0,COFFEE,2024-06-28 13:00:00+00:00,225.10000610351562,227.72148305766999,214.61409828689818,0.07530440891308256
0,0,0.0,0,1,0,1,0,0,0,0,0.9000000000000001,1.0,0,0,0,0,0,,0,0.6142564886365126,0.4482831195344481,1,1,1,1,0.8318288409935137,0.6657237556606096,4.0,0.010438083219597726,143.90808379859615,0.0,0.0,0.0,0.0,0.0,0.0,0.0,0.0,0.0,0.0,0,COFFEE,2024-06-28 14:00:00+00:00,226.14999389648438,227.72148305766999,219.86403725174193,0.09018015038240283
0,0,0.0,0,1,1,1,0,0,1,0,0.9000000000000001,1.0,0,0,0,0,0,,0,0.6306794220396648,0.9310406516042808,-1,1,1,1,0.8438424681466219,0.987987973631081,4.0,0.01019783999269335,99.25220146075844,0.0,0.0,0.0,0.0,0.0,0.0,0.0,0.0,0.0,0.0,0,COFFEE,2024-06-28 15:00:00+00:00,225.4499969482422,227.72148305766999,216.364052510531,0.06925009123917256
1,0,0.0,0,1,0,1,0,0,0,0,0.9000000000000001,1.0,0,0,0,0,0,,0,0.4973006216806594,0.0,0,1,1,1,0.8927608581885759,0.4546635284666207,4.0,0.0037250684101326117,0.0,0.0,0.0,0.0,0.0,0.0,0.0,0.0,0.0,0.0,0.0,0,COPPER,2024-07-11 07:00:00+00:00,4.588500022888184,4.580728697219211,4.619585325564074,0.08727907482345497
1,0,0.0,0,0,0,0,0,1,0,0,0.75,0.75,0,0,0,0,0,,0,0.46905961255242606,0.29412094693144847,0,0,1,1,0.7526817574978176,2.000000000000018,3.9999999999999756,0.003947195639777074,0.0,0.0,0.0,0.0,0.0,0.0,0.0,0.0,0.0,0.0,0.0,0,COPPER,2024-07-11 08:00:00+00:00,4.591000080108643,4.5547569291118,4.735972684096011,0.16726507351084233
1,0,0.0,0,0,0,0,0,1,0,0,0.75,0.75,0,0,0,0,0,,0,0.35936301122476677,0.0,1,0,1,1,0.7406847812664589,1.9999999999999991,4.0,0.005209964575012135,0.0,0.0,0.0,0.0,0.0,0.0,0.0,0.0,0.0,0.0,0.0,0,COPPER,2024-07-11 14:00:00+00:00,4.539999961853027,4.492693483909406,4.729225873627513,0.37324650483648264
1,0,0.0,0,0,0,0,0,1,0,0,0.9000000000000001,0.75,0,0,0,0,0,,0,0.720478418260335,0.125,0,0,1,1,0.7049116019026147,2.000000000000011,3.9999999999999796,0.005210573916371659,0.0,0.0,0.0,0.0,0.0,0.0,0.0,0.0,0.0,0.0,0.0,1,WHEAT,2024-07-17 08:00:00+00:00,532.75,527.198133492106,554.957466031576,0.4251210089689457
1,0,0.0,0,0,0,0,0,1,0,0,0.9000000000000001,0.75,0,0,0,0,0,,0,0.7303624011293741,0.125,0,0,1,1,0.7049116019026147,2.0000000000000075,3.999999999999979,0.005140059301643898,0.0,0.0,0.0,0.0,0.0,0.0,0.0,0.0,0.0,0.0,0.0,1,WHEAT,2024-07-17 09:00:00+00:00,532.75,527.2732668140984,554.6569327436063,0.4251210089689457
1,0,0.0,0,0,1,0,0,0,1,0,0.75,0.75,0,0,0,0,0,,0,0.5285387767569834,1.0,-1,0,1,1,0.765184333857537,0.6124714296623536,4.0,0.007004197198628877,0.0,0.0,0.0,0.0,0.0,0.0,0.0,0.0,0.0,0.0,0.0,0,WHEAT,2024-07-17 15:00:00+00:00,540.25,537.9323973695161,549.5204105219354,0.16799844083892754
1,0,0.0,0,1,0,0,0,0,0,0,0.75,0.75,0,0,0,0,0,,0,0.6641849825902545,0.125,0,0,1,1,0.8006180120367974,0.5324867857763232,4.0,0.005652199540639079,0.0,0.0,0.0,0.0,0.0,0.0,0.0,0.0,0.0,0.0,0.0,1,WHEAT,2024-07-19 07:00:00+00:00,532.75,531.1465708357341,539.1637166570636,0.3666195519396139
1,0,0.0,0,0,0,0,0,1,0,1,0.75,0.75,0,0,0,0,0,,0,2.562379501539349,0.0,0,0,1,1,0.8447387433483783,1.9999999999999973,4.0,0.009440243219775447,0.0,0.0,0.0,0.0,0.0,0.0,0.0,0.0,0.0,0.0,0.0,0,NATGAS,2024-08-06 07:00:00+00:00,1.9429999589920044,1.906315174614208,2.08973909650319,0.2354157693631709
1,0,0.0,0,0,0,0,0,0,0,1,0.75,0.75,0,0,0,0,0,,0,2.659120178860598,0.0,0,0,1,1,0.8447387433483783,2.0000000000000036,3.9999999999999876,0.009120270014204415,0.0,0.0,0.0,0.0,0.0,0.0,0.0,0.0,0.0,0.0,0.0,0,NATGAS,2024-08-06 08:00:00+00:00,1.937999963760376,1.90264979784635,2.07940062741648,0.22662938489355763
1,0,0.0,0,0,0,0,0,0,0,1,0.75,0.75,0,0,0,0,0,,0,2.666394925770336,0.0,0,0,1,1,0.8447387433483783,2.000000000000002,4.0,0.009076652728692692,0.0,0.0,0.0,0.0,0.0,0.0,0.0,0.0,0.0,0.0,0.0,0,NATGAS,2024-08-06 09:00:00+00:00,1.9420000314712524,1.9067463117017027,2.0830149105494513,0.2324700618160493
1,0,0.0,0,0,1,0,0,0,1,1,0.75,0.75,0,0,0,0,0,,0,2.6095757102520816,0.0,-1,0,1,1,0.8447387433483783,0.26105056298694046,4.0,0.009212611431287836,0.0,0.0,0.0,0.0,0.0,0.0,0.0,0.0,0.0,0.0,0.0,0,NATGAS,2024-08-06 10:00:00+00:00,1.9550000429153442,1.9502983510937317,1.9738068102017943,0.12088108727740915
1,0,0.0,0,0,0,0,0,0,0,1,0.9000000000000001,0.9000000000000001,0,0,0,0,0,,0,0.1311689060296923,1.0,1,0,1,1,0.831274473057906,2.000000000000002,4.0,0.011609864820423829,0.0,0.0,0.0,0.0,0.0,0.0,0.0,0.0,0.0,0.0,0.0,1,NATGAS,2024-08-06 12:00:00+00:00,1.9700000286102295,1.9242571605534378,2.1529715008373964,0.397456342771671
1,0,0.0,0,0,0,0,0,0,0,1,0.9000000000000001,0.9000000000000001,0,0,0,0,0,,0,0.12127297613680871,1.0,1,0,1,1,0.831274473057906,1.9999999999999971,4.000000000000009,0.012456069561936532,0.0,0.0,0.0,0.0,0.0,0.0,0.0,0.0,0.0,0.0,0.0,1,NATGAS,2024-08-06 13:00:00+00:00,1.9859999418258667,1.936524434975097,2.183901969228946,0.41737399826031296
1,0,0.0,0,0,1,0,0,0,1,0,0.75,0.75,0,0,0,0,0,,0,0.9188349030269227,1.0,-1,0,1,1,0.772177267557298,0.6400579389494985,4.0,0.0075229843828719225,0.0,0.0,0.0,0.0,0.0,0.0,0.0,0.0,0.0,0.0,0.0,0,NATGAS,2024-08-13 10:00:00+00:00,2.1700000762939453,2.1595512093694738,2.2117955439918315,0.151772209694938
1,0,0.0,0,0,0,0,0,1,0,0,0.75,0.9000000000000001,0,0,0,0,0,,0,0.681826894771684,1.0,1,0,1,1,0.759869552865133,1.999999999999992,4.00000000000002,0.009932064965904432,0.0,0.0,0.0,0.0,0.0,0.0,0.0,0.0,0.0,0.0,0.0,0,NATGAS,2024-08-13 12:00:00+00:00,2.2149999141693115,2.171000868075307,2.3909960985453305,0.1142248731829631
1,0,0.0,0,0,1,0,0,0,1,0,0.9000000000000001,0.75,0,0,0,0,0,,0,0.6479453809703484,1.0,0,0,1,1,0.7510109822864358,0.21478990362609568,4.0,0.006948845210213106,0.0,0.0,0.0,0.0,0.0,0.0,0.0,0.0,0.0,0.0,0.0,1,NATGAS,2024-08-15 07:00:00+00:00,2.2209999561309814,2.217685020874173,2.2342596971582154,0.4150343984254832
1,0,0.0,0,0,1,0,0,1,1,0,0.75,0.75,0,0,0,0,0,,0,0.1894796308582367,1.0,0,0,1,1,0.8170390268271616,0.5605331769354575,4.0,0.005459723725269351,0.0,0.0,0.0,0.0,0.0,0.0,0.0,0.0,0.0,0.0,0.0,0,SILVER,2024-08-19 08:00:00+00:00,29.0,28.91124966773746,29.355001329050154,0.15784279101548043
1,0,0.0,0,0,0,0,0,1,0,0,0.75,0.75,0,0,0,0,0,,0,0.196313716188522,1.0,1,0,1,1,0.7629742637641241,2.000000000000004,3.9999999999999885,0.00526149507971227,0.0,0.0,0.0,0.0,0.0,0.0,0.0,0.0,0.0,0.0,0.0,0,SILVER,2024-08-19 12:00:00+00:00,29.045000076293945,28.73935982631062,30.26756107622725,0.25450662621380044
1,0,0.0,0,0,1,0,0,1,1,0,0.75,0.9000000000000001,0,0,0,0,0,,1,0.3558566404520893,1.0,1,0,1,1,0.8372729019657535,1.500000000000004,4.0,0.008994401747308372,0.0,0.0,0.0,0.0,0.0,0.0,0.0,0.0,0.0,0.0,0.0,0,NATGAS,2024-08-21 13:00:00+00:00,2.187000036239624,2.1574939008186482,2.305024577923527,0.09555414682683108
1,0,0.0,0,1,0,0,0,0,0,0,0.75,0.75,0,0,0,0,0,,0,0.7822160958220458,0.3333333333333333,0,1,1,1,0.8871634642833284,0.6830973164620974,4.0,0.004550285446050757,0.0,0.0,0.0,0.0,0.0,0.0,0.0,0.0,0.0,0.0,0.0,0,SILVER,2024-08-22 07:00:00+00:00,29.5,29.408305510568653,29.86677795772539,0.18762299906214
1,0,0.0,0,1,0,0,0,0,0,0,0.75,0.75,0,0,0,0,0,,0,0.8121354499677388,0.3333333333333333,0,0,1,1,0.8548739597387386,0.7033168511247364,4.0,0.004382651338058311,0.0,0.0,0.0,0.0,0.0,0.0,0.0,0.0,0.0,0.0,0.0,0,SILVER,2024-08-22 08:00:00+00:00,29.5,29.409069420109507,29.863722319561973,0.18092148304544034
1,0,0.0,0,0,0,0,0,1,0,0,0.9000000000000001,0.75,0,0,0,0,0,,0,0.4982913123699768,1.0,0,0,1,1,0.7049116019026147,2.0000000000000075,3.999999999999984,0.006441057361324017,0.0,0.0,0.0,0.0,0.0,0.0,0.0,0.0,0.0,0.0,0.0,0,NATGAS,2024-08-22 09:00:00+00:00,2.180999994277954,2.1529041021415707,2.2933835628234873,0.18084311628393832
1,0,0.0,0,1,0,0,0,0,0,0,0.75,0.75,0,0,0,0,0,,0,0.8007602415337962,1.0,0,0,1,1,0.8548739597387386,1.417961098231298,4.0,0.00443064107687782,0.0,0.0,0.0,0.0,0.0,0.0,0.0,0.0,0.0,0.0,0.0,0,SILVER,2024-08-22 09:00:00+00:00,29.594999313354492,29.409069420109507,30.338718886334433,0.15192412109814005
1,0,0.0,0,1,0,0,0,0,0,0,0.75,0.75,0,0,0,0,0,,0,0.8100828223439308,1.0,-1,0,1,1,0.8548739597387386,1.5502058601536803,4.0,0.0043774335908743495,0.0,0.0,0.0,0.0,0.0,0.0,0.0,0.0,0.0,0.0,0.0,0,SILVER,2024-08-22 10:00:00+00:00,29.610000610351562,29.409069420109507,30.413725371319785,0.1952774466946167
1,0,0.0,0,0,0,0,0,1,0,0,0.75,0.75,0,0,0,0,0,,0,0.5701463629377426,0.0,-1,1,1,1,0.781111353173867,1.9999999999999925,4.0000000000000195,0.006327518894528787,0.0,0.0,0.0,0.0,0.0,0.0,0.0,0.0,0.0,0.0,0.0,0,SILVER,2024-08-22 15:00:00+00:00,29.104999542236328,28.736674673178825,30.578299018466346,0.1547129386243441
1,0,0.0,0,0,0,0,0,1,0,0,0.75,0.75,0,0,0,0,0,,0,0.5916949843269943,0.0,2,0,1,1,0.6882975134458844,2.0000000000000058,3.99999999999999,0.006131842384354518,0.0,0.0,0.0,0.0,0.0,0.0,0.0,0.0,0.0,0.0,0.0,0,SILVER,2024-08-22 19:00:00+00:00,28.940000534057617,28.585089490301662,30.359644709081433,0.3186551717015096
0,0,0.0,0,0,0,0,0,1,0,0,0.75,0.75,0,0,0,0,0,,0,0.015892581087187465,1.0,-1,1,1,1,0.7503307183432655,2.0000000000000306,3.9999999999999276,0.002478899864241816,201.70237903212757,0.0,0.0,0.0,0.0,0.0,0.0,0.0,0.0,0.0,0.0,0,GOLD,2024-08-28 15:00:00+00:00,2540.800048828125,2553.3968266203365,2490.41293765928,0.11556782702853341
1,0,0.0,0,1,0,0,0,1,0,0,1.0,0.75,0,0,0,0,0,,0,0.29927713812806706,0.0,0,0,1,1,0.8340149978037769,2.0000000000000058,4.0,0.006378888793160446,0.0,0.0,0.0,0.0,0.0,0.0,0.0,0.0,0.0,0.0,0.0,0,COPPER,2024-08-29 08:00:00+00:00,4.190499782562256,4.1370383183608,4.404345639368078,0.28532416632923796
1,0,0.0,0,1,0,0,0,1,0,0,1.0,0.75,0,0,0,0,0,,0,0.25806166439390554,0.0,0,0,1,1,0.8340149978037769,0.1488077558518001,4.0,0.007378303915671004,0.0,0.0,0.0,0.0,0.0,0.0,0.0,0.0,0.0,0.0,0.0,0,COPPER,2024-08-29 09:00:00+00:00,4.201499938964844,4.196886906948315,4.21995206703096,0.1172947566673175
1,0,0.0,0,1,0,0,0,1,0,0,1.0,0.75,0,0,0,0,0,,0,0.22671802945369107,0.5000298027060857,-1,0,1,1,0.8340149978037769,0.3432896282460249,4.0,0.00838338478757013,0.0,0.0,0.0,0.0,0.0,0.0,0.0,0.0,0.0,0.0,0.0,0,COPPER,2024-08-29 10:00:00+00:00,4.209000110626221,4.196886906948315,4.257452925337844,0.09451065986831172
1,0,0.0,0,0,0,0,0,1,0,0,1.0,0.75,0,0,0,0,0,,0,0.18924893341358753,0.6250223520295642,1,0,1,1,0.7843982297633976,2.00000000000001,3.999999999999979,0.01004081245475892,0.0,0.0,0.0,0.0,0.0,0.0,0.0,0.0,0.0,0.0,0.0,0,COPPER,2024-08-29 12:00:00+00:00,4.210000038146973,4.125456396511849,4.548174604687466,0.16622453047046784
1,0,0.0,0,0,0,0,0,1,0,0,1.0,0.75,0,0,0,0,0,,0,0.17417224368341536,1.0,1,0,1,1,0.7843982297633976,1.9999999999999976,4.0,0.010902196576676446,0.0,0.0,0.0,0.0,0.0,0.0,0.0,0.0,0.0,0.0,0.0,0,COPPER,2024-08-29 13:00:00+00:00,4.2129998207092285,4.121137916263479,4.580447438492225,0.2646012103381873
1,0,0.0,0,1,0,0,0,1,0,0,1.0,0.75,0,0,0,0,0,,0,0.2207179137867334,0.6874888239852178,2,0,1,1,0.7626735249612833,0.3902405279273239,4.0,0.008608216194615813,0.0,0.0,0.0,0.0,0.0,0.0,0.0,0.0,0.0,0.0,0.0,1,COPPER,2024-08-29 18:00:00+00:00,4.2104997634887695,4.196355537601879,4.267076667036331,0.3518134381602962
1,0,0.0,0,1,0,0,0,0,0,0,1.0,0.75,0,0,0,0,0,,0,0.23372767940799422,0.3125111760147821,2,0,1,1,0.7626735249612833,0.3255998015383647,4.0,0.00813486079758841,0.0,0.0,0.0,0.0,0.0,0.0,0.0,0.0,0.0,0.0,0.0,1,COPPER,2024-08-29 19:00:00+00:00,4.207499980926514,4.196355537601879,4.252077754225052,0.3944807740809354
1,0,0.0,0,0,0,0,0,1,0,0,0.75,0.55,0,0,0,0,0,,0,0.5555417700954229,1.0,2,0,1,1,0.6563899676254962,2.0000000000000027,4.0,0.00554591226320165,0.0,0.0,0.0,0.0,0.0,0.0,0.0,0.0,0.0,0.0,0.0,1,WHEAT,2024-09-09 18:00:00+00:00,568.0,561.6998436690029,593.2006253239883,0.46559728101622044
1,0,0.0,0,0,1,0,0,1,1,0,0.75,0.55,0,0,0,0,0,,0,0.6192462576391256,1.0,0,1,1,1,0.7081114260665867,0.23846375109131435,4.0,0.004979764354628856,0.0,0.0,0.0,0.0,0.0,0.0,0.0,0.0,0.0,0.0,0.0,0,WHEAT,2024-09-10 08:00:00+00:00,567.5,566.8260975593122,570.1956097627512,0.47130700996403146
1,0,0.0,0,0,1,0,0,1,1,0,0.75,0.55,0,0,0,0,0,,0,0.6324504677605665,1.0,0,1,1,1,0.7081114260665867,0.1500000000000119,4.0,0.00487794642400987,0.0,0.0,0.0,0.0,0.0,0.0,0.0,0.0,0.0,0.0,0.0,1,WHEAT,2024-09-10 09:00:00+00:00,567.25,566.834947733647,568.9102090654119,0.47762552994933516
1,0,0.0,0,0,1,0,0,0,1,0,0.75,0.55,0,0,0,0,0,,0,0.658227095264526,1.0,-1,0,1,1,0.6823387606778879,0.5261297687226009,4.0,0.004678674680064708,0.0,0.0,0.0,0.0,0.0,0.0,0.0,0.0,0.0,0.0,0.0,1,WHEAT,2024-09-10 10:00:00+00:00,568.25,566.851201466958,573.8451941321682,0.44678414044342296
1,0,0.0,0,0,0,0,0,0,0,1,0.9000000000000001,0.55,0,0,0,0,0,,0,0.5350964782455023,1.0,-1,0,1,1,0.6823387606778879,1.9999999999999925,4.000000000000018,0.005705082021605926,0.0,0.0,0.0,0.0,0.0,0.0,0.0,0.0,0.0,0.0,0.0,0,WHEAT,2024-09-10 15:00:00+00:00,573.25,566.7091234622288,599.4135061510848,0.24263572591475013
1,0,0.0,0,0,0,0,0,0,0,1,0.9000000000000001,0.55,0,0,0,0,0,,0,0.5739108715639959,1.0,2,0,1,1,0.623971642229815,2.0000000000000044,4.0,0.00531692059952421,0.0,0.0,0.0,0.0,0.0,0.0,0.0,0.0,0.0,0.0,0.0,1,WHEAT,2024-09-10 18:00:00+00:00,573.5,567.4014920723457,597.8940317106171,0.38384894436257155
1,0,0.0,0,0,0,0,0,1,0,0,0.75,0.75,0,0,0,0,0,,0,0.6331886467707929,0.0,1,0,1,1,0.7406847812664589,1.9999999999999931,4.00000000000001,0.009783282306960007,0.0,0.0,0.0,0.0,0.0,0.0,0.0,0.0,0.0,0.0,0.0,1,NATGAS,2024-09-12 13:00:00+00:00,2.259999990463257,2.215779554622399,2.4368817338266884,0.2617383334502009
1,0,0.0,0,0,0,0,0,1,0,0,0.75,0.75,0,0,0,0,0,,0,1.977598373877554,1.0,-1,0,1,1,0.7526817574978176,2.0000000000000235,3.9999999999999414,0.003531962768362243,0.0,0.0,0.0,0.0,0.0,0.0,0.0,0.0,0.0,0.0,0.0,0,COPPER,2024-09-18 15:00:00+00:00,4.295000076293945,4.2646605155747785,4.416358319170611,0.24956331948508573
1,0,0.0,0,1,0,0,0,0,0,0,1.0,0.75,0,0,0,0,0,,0,1.722161590665637,1.0,2,0,1,1,0.7817482155458204,4.132977231150044,4.0,0.004039845519093256,0.0,0.0,0.0,0.0,0.0,0.0,0.0,0.0,0.0,0.0,0.0,1,COPPER,2024-09-18 18:00:00+00:00,4.311999797821045,4.240004107066734,4.5999825608382885,0.42762582728764126
1,0,0.0,0,1,0,0,0,0,0,0,0.75,0.75,0,0,0,0,0,,0,1.494876328622614,0.7333343929808945,2,1,1,1,0.819941498900034,1.4448579875643681,4.0,0.004700953593098328,0.0,0.0,0.0,0.0,0.0,0.0,0.0,0.0,0.0,0.0,0.0,1,COPPER,2024-09-18 19:00:00+00:00,4.269000053405762,4.240004107066734,4.3849838387618725,0.3469944852008351
1,0,0.0,0,0,0,1,0,0,0,0,0.75,0.75,0,0,0,0,0,,0,1.420759332359821,1.0,1,0,1,1,0.8040162616448044,1.999999999999979,4.000000000000042,0.00483353100182157,0.0,0.0,0.0,0.0,0.0,0.0,0.0,0.0,0.0,0.0,0.0,0,COPPER,2024-09-19 12:00:00+00:00,4.368500232696533,4.326269670084127,4.537422483146161,0.13642853057083168
1,0,0.0,0,0,0,1,0,0,0,0,0.75,0.75,0,0,0,0,0,,0,1.3207487607654795,1.0,1,0,1,1,0.8040162616448044,1.9999999999999984,4.0,0.005228262315705479,0.0,0.0,0.0,0.0,0.0,0.0,0.0,0.0,0.0,0.0,0.0,0,COPPER,2024-09-19 13:00:00+00:00,4.3445000648498535,4.2990716929105846,4.526213552606929,0.1459824885721626
1,0,0.0,0,0,0,1,0,1,0,0,0.75,0.75,0,0,0,0,0,,0,1.3031853334512187,1.0,1,0,1,1,0.8040162616448044,2.0000000000000124,3.999999999999981,0.00530299736839374,0.0,0.0,0.0,0.0,0.0,0.0,0.0,0.0,0.0,0.0,0.0,0,COPPER,2024-09-19 14:00:00+00:00,4.341000080108643,4.294959456106616,4.525162576116748,0.09659554307154841
1,0,0.0,0,0,0,1,0,1,0,0,0.75,0.75,0,0,0,0,0,,0,1.3258965301830008,1.0,-1,0,1,1,0.8170390268271616,2.0000000000000004,4.0,0.0052073647051603805,0.0,0.0,0.0,0.0,0.0,0.0,0.0,0.0,0.0,0.0,0.0,0,COPPER,2024-09-19 15:00:00+00:00,4.34499979019165,4.299747793088904,4.5260077786026365,0.17650233519186387
1,0,0.0,0,0,0,0,0,1,0,0,0.75,0.55,0,0,0,0,0,,0,1.5282738683646901,1.0,2,0,1,1,0.7471496750803226,1.999999999999984,4.000000000000022,0.004514676761148198,0.0,0.0,0.0,0.0,0.0,0.0,0.0,0.0,0.0,0.0,0.0,0,COPPER,2024-09-19 19:00:00+00:00,4.3480000495910645,4.308740420028345,4.505038567841944,0.3228968295912992
1,0,0.0,0,1,0,0,0,0,0,0,0.75,0.75,0,0,0,0,0,,0,0.030843361867860467,1.0,2,0,1,1,0.7817482155458204,0.7595602190685876,4.0,0.0037255910918273603,0.0,0.0,0.0,0.0,0.0,0.0,0.0,0.0,0.0,0.0,0.0,0,COPPER,2024-09-23 18:00:00+00:00,4.353000164031982,4.340681997216918,4.40227283129224,0.09331262676759793
1,0,0.0,0,1,0,0,0,0,0,0,0.75,0.75,0,0,0,0,0,,0,0.0317837320404183,1.0,2,0,1,1,0.7817482155458204,0.4650020041966039,4.0,0.003619521396206231,0.0,0.0,0.0,0.0,0.0,0.0,0.0,0.0,0.0,0.0,0.0,0,COPPER,2024-09-23 19:00:00+00:00,4.3480000495910645,4.340681997216918,4.3772722590876505,0.09331262676759793
0,0,0.0,0,0,0,1,0,1,0,0,0.9000000000000001,0.9000000000000001,0,0,0,0,0,,0,0.9055779448631512,1.0,0,0,1,1,0.7818754635688291,2.0000000000000013,4.0,0.00758946512849933,65.8807954887942,0.0,0.0,0.0,0.0,0.0,0.0,0.0,0.0,0.0,0.0,0,PALLADIUM,2024-09-30 07:00:00+00:00,1018.5,1033.9597404667531,956.6610381329874,0.07467284257348875
0,0,0.0,0,0,1,0,0,0,1,0,0.75,0.75,0,0,0,0,0,,0,0.6087575176389094,0.9,0,0,1,1,0.773126472283736,0.1500000000000045,4.0,0.00810005022780328,823.0401638477808,0.0,0.0,0.0,0.0,0.0,0.0,0.0,0.0,0.0,0.0,1,PALLADIUM,2024-09-30 08:00:00+00:00,1014.0,1015.2320176396489,1009.0719294414043,0.33583807002900173
0,0,0.0,0,0,0,0,0,1,0,1,0.75,0.75,0,0,0,0,0,,0,0.7211173182638918,1.0,0,1,1,1,0.8147606993955285,1.9999999999999936,4.000000000000016,0.00696852717424513,71.75117316725746,0.0,0.0,0.0,0.0,0.0,0.0,0.0,0.0,0.0,0.0,0,PALLADIUM,2024-10-03 08:00:00+00:00,995.0,1008.8673690767478,939.5305236930087,0.08970388874667379
0,0,0.0,0,0,0,0,0,0,0,1,0.75,0.75,0,0,0,0,0,,0,0.7243534961457018,1.0,0,0,1,1,0.7851063906181291,2.0000000000000036,3.9999999999999916,0.006954868585740249,71.89208449246078,0.0,0.0,0.0,0.0,0.0,0.0,0.0,0.0,0.0,0.0,0,PALLADIUM,2024-10-03 09:00:00+00:00,992.5,1006.3054141426944,937.2783434292224,0.0802854288479259
0,0,0.0,0,0,0,0,0,0,0,1,0.75,0.75,0,0,0,0,0,,0,0.7311835761816918,1.0,-1,0,1,1,0.7851063906181291,1.9999999999999936,4.000000000000017,0.006903814230007468,72.4237332207968,0.0,0.0,0.0,0.0,0.0,0.0,0.0,0.0,0.0,0.0,0,PALLADIUM,2024-10-03 10:00:00+00:00,990.5,1004.1764559896448,935.7941760414208,0.08212881477468213
0,0,0.0,0,0,0,0,0,0,0,1,0.75,0.75,0,0,0,0,0,,0,0.7234284733948465,1.0,1,0,1,1,0.7725925989478682,1.999999999999999,4.0,0.007013225085810503,71.29387605306216,0.0,0.0,0.0,0.0,0.0,0.0,0.0,0.0,0.0,0.0,0,PALLADIUM,2024-10-03 12:00:00+00:00,985.5,999.3230666441325,930.20773342347,0.0820986033185259
0,0,0.0,0,0,0,0,0,1,0,1,0.75,0.75,0,0,0,0,0,,0,0.6975590095277218,1.0,1,0,1,1,0.7725925989478682,2.0000000000000013,4.0,0.007269627150598469,68.77931833943332,0.0,0.0,0.0,0.0,0.0,0.0,0.0,0.0,0.0,0.0,0,PALLADIUM,2024-10-03 13:00:00+00:00,986.0,1000.3357047409802,928.6571810360792,0.08116456746886995
0,0,0.0,0,0,0,0,0,0,0,1,0.75,0.75,0,0,0,0,0,,0,0.6353120169935944,1.0,1,1,1,1,0.803161103936625,2.000000000000003,3.999999999999993,0.007893830120101102,63.34060809426126,0.0,0.0,0.0,0.0,0.0,0.0,0.0,0.0,0.0,0.0,0,PALLADIUM,2024-10-03 14:00:00+00:00,997.0,1012.7402972594816,934.0388109620736,0.09587245395752551
0,0,0.0,0,0,0,0,0,0,0,1,0.75,0.75,0,0,0,0,0,,0,0.6462815184515796,1.0,-1,1,1,1,0.8147606993955285,2.000000000000001,4.0,0.007771538508045518,64.33732516185472,0.0,0.0,0.0,0.0,0.0,0.0,0.0,0.0,0.0,0.0,0,PALLADIUM,2024-10-03 15:00:00+00:00,995.5,1010.9731331695186,933.6074673219255,0.10871918066818728
0,0,0.0,0,0,0,0,0,1,0,0,0.75,0.75,0,0,0,0,0,,0,0.20320098594607924,1.0,0,0,1,1,0.765184333857537,2.0000000000000018,4.0,0.009029729522823571,55.37264419008323,0.0,0.0,0.0,0.0,0.0,0.0,0.0,0.0,0.0,0.0,0,COFFEE,2024-10-25 08:00:00+00:00,245.25,249.67908233094496,227.53367067622014,0.14080598128763144
0,0,0.0,0,0,0,0,0,1,0,0,0.75,0.75,0,0,0,0,0,,0,0.21219815795539634,1.0,0,0,1,1,0.765184333857537,2.0000000000000004,4.0,0.008645107646109073,57.83617977562561,0.0,0.0,0.0,0.0,0.0,0.0,0.0,0.0,0.0,0.0,0,COFFEE,2024-10-25 09:00:00+00:00,245.3000030517578,249.54129291570447,228.33484359597117,0.139532583989966
0,0,0.0,0,0,0,0,0,1,0,0,0.75,0.75,0,0,0,0,0,,0,0.21937011642529564,1.0,-1,0,1,1,0.765184333857537,2.0000000000000053,3.9999999999999862,0.008345458826679725,59.91282329517235,0.0,0.0,0.0,0.0,0.0,0.0,0.0,0.0,0.0,0.0,0,COFFEE,2024-10-25 10:00:00+00:00,245.8000030517578,249.9026306618902,229.38949261122826,0.14363308783160791
0,0,0.0,0,0,0,1,0,0,0,0,0.75,0.75,0,0,0,0,0,,0,0.22748101382329824,1.0,1,0,1,1,0.6936760330197602,1.9999999999999973,4.000000000000007,0.008028302364500133,62.27966726949904,0.0,0.0,0.0,0.0,0.0,0.0,0.0,0.0,0.0,0.0,0,COFFEE,2024-10-25 12:00:00+00:00,246.39999389648438,250.3563412037083,230.57460466758866,0.11578793019473924
0,0,0.0,0,0,0,1,0,0,0,0,0.75,0.75,0,0,0,0,0,,0,0.22730187421886375,1.0,1,0,1,1,0.6936760330197602,2.0000000000000027,3.999999999999993,0.008057520158500473,62.053831720484425,0.0,0.0,0.0,0.0,0.0,0.0,0.0,0.0,0.0,0.0,0,COFFEE,2024-10-25 13:00:00+00:00,245.6999969482422,249.65946230495013,229.86213552141047,0.10326357520661525
0,0,0.0,0,0,0,1,0,0,0,0,0.75,0.75,0,0,0,0,0,,0,0.2180933375021228,1.0,1,1,1,1,0.7211221143112746,2.0,4.0,0.008333290446288017,60.00030878831544,0.0,0.0,0.0,0.0,0.0,0.0,0.0,0.0,0.0,0.0,0,COFFEE,2024-10-25 14:00:00+00:00,247.60000610351562,251.7266516342422,231.09342398060937,0.0908029194689437
0,0,0.0,0,0,0,1,0,0,0,0,0.75,0.75,0,0,0,0,0,,0,0.22642823947237528,1.0,-1,1,1,1,0.7315368676670846,1.999999999999999,4.0,0.00803627624238227,62.21787117807942,0.0,0.0,0.0,0.0,0.0,0.0,0.0,0.0,0.0,0.0,0,COFFEE,2024-10-25 15:00:00+00:00,247.3000030517578,251.27474533028962,231.4010339376306,0.10052424921379262
0,0,0.0,0,0,0,0,0,1,0,0,0.75,0.9000000000000001,0,0,0,0,0,,0,0.207739608918906,0.0,1,0,1,1,0.8608190322475751,2.0000000000000004,4.0,0.008529862822143415,58.61758980484496,0.0,0.0,0.0,0.0,0.0,0.0,0.0,0.0,0.0,0.0,0,COFFEE,2024-10-28 13:00:00+00:00,253.9499969482422,258.2823142235467,236.62072784702423,0.23340120174652848
0,0,0.0,0,1,0,0,0,0,0,0,0.9000000000000001,1.0,0,0,0,0,0,,0,1.437861395395353,0.3125,0,0,1,1,0.8602676289830664,0.8943060345275916,4.0,0.004886972873733221,228.80942533312177,0.0,0.0,0.0,0.0,0.0,0.0,0.0,0.0,0.0,0.0,0,WHEAT,2024-10-31 07:00:00+00:00,569.25,571.7378782819861,559.2984868720555,0.22646265711404123
0,0,0.0,0,1,0,0,0,0,0,0,0.9000000000000001,1.0,0,0,0,0,0,,0,1.476994972149204,0.5,0,0,1,1,0.8602676289830664,1.1919459584229262,4.0,0.0047637669316301385,176.11361398838062,0.0,0.0,0.0,0.0,0.0,0.0,0.0,0.0,0.0,0.0,0,WHEAT,2024-10-31 08:00:00+00:00,568.5,571.7280298332729,555.5878806669084,0.1573398479529774
0,0,0.0,0,1,0,0,0,0,0,0,0.9000000000000001,1.0,0,0,0,0,0,,0,1.4015199656339787,0.0,0,0,1,1,0.8602676289830664,1.9999999999999811,4.0,0.004989587850675891,100.20867754283043,0.0,0.0,0.0,0.0,0.0,0.0,0.0,0.0,0.0,0.0,0,WHEAT,2024-10-31 09:00:00+00:00,572.0,577.7080885011732,549.1676459953073,0.2721249530772699
0,0,0.0,0,1,0,0,0,0,0,0,0.9000000000000001,1.0,0,0,0,0,0,,0,1.3380299696085316,0.3125,-1,0,1,1,0.8602676289830664,0.8289195456257928,4.0,0.005251593607833105,229.71878399387697,0.0,0.0,0.0,0.0,0.0,0.0,0.0,0.0,0.0,0.0,0,WHEAT,2024-10-31 10:00:00+00:00,569.25,571.7280298332729,559.3378806669084,0.15040293946795963
0,0,0.0,0,1,0,0,0,0,0,0,0.9000000000000001,0.9000000000000001,0,0,0,0,0,,0,1.36950318709084,0.6875,1,1,1,1,0.8800507890796782,1.375968901006923,4.0,0.005144460075600699,141.27053196875133,0.0,0.0,0.0,0.0,0.0,0.0,0.0,0.0,0.0,0.0,0,WHEAT,2024-10-31 12:00:00+00:00,567.75,571.7688848451819,551.6744606192724,0.09754530652197824
0,0,0.0,0,1,0,0,0,0,0,0,0.9000000000000001,0.9000000000000001,0,0,0,0,0,,0,1.3263864253907456,1.0,1,0,1,1,0.8465558441620465,2.1616400918336813,4.0,0.005335183383204632,86.70961574321649,0.0,0.0,0.0,0.0,0.0,0.0,0.0,0.0,0.0,0.0,0,WHEAT,2024-10-31 13:00:00+00:00,565.25,571.7688848451819,539.1744606192724,0.1802348666873072
0,0,0.0,0,1,0,0,0,0,0,0,0.9000000000000001,0.9000000000000001,0,0,0,0,0,,0,1.1738993221791258,0.3125,1,0,1,1,0.8465558441620465,0.7392293031015765,4.0,0.0059858537292971255,225.99286390120452,0.0,0.0,0.0,0.0,0.0,0.0,0.0,0.0,0.0,0.0,0,WHEAT,2024-10-31 14:00:00+00:00,569.25,571.7688848451819,559.1744606192724,0.11131556620613352
0,0,0.0,0,1,0,0,0,0,0,0,0.9000000000000001,0.9000000000000001,0,0,0,0,0,,0,1.1417663119001005,0.9375,-1,1,1,1,0.8927608581885759,1.4325984098836615,4.0,0.006181462481596957,112.92349146924073,0.0,0.0,0.0,0.0,0.0,0.0,0.0,0.0,0.0,0.0,0,WHEAT,2024-10-31 15:00:00+00:00,566.75,571.7688848451819,546.6744606192724,0.07315069812250848
0,0,0.0,0,0,0,1,0,0,0,0,0.9000000000000001,0.9000000000000001,0,0,0,0,0,,0,1.137427423473341,0.0,2,0,1,1,0.6946416269690986,1.99999999999999,4.000000000000016,0.0061480907253427895,81.32606077834429,0.0,0.0,0.0,0.0,0.0,0.0,0.0,0.0,0.0,0.0,0,WHEAT,2024-10-31 18:00:00+00:00,572.0,579.0334157897921,543.8663368408314,0.08385738398387853
0,0,0.0,0,0,0,0,0,1,0,0,0.75,0.9000000000000001,0,0,0,0,0,,0,0.9478921071008406,0.0,0,0,1,1,0.8170390268271616,1.9999999999999971,4.0,0.007380655099024188,67.7446640293633,0.0,0.0,0.0,0.0,0.0,0.0,0.0,0.0,0.0,0.0,0,WHEAT,2024-11-01 07:00:00+00:00,571.75,580.1897791057341,537.9908835770634,0.13589205596870335
0,0,0.0,0,0,0,0,0,1,0,0,0.75,1.0,0,0,0,0,0,,0,0.5205880985105841,0.0,-1,1,1,1,0.781111353173867,1.9999999999999993,4.0,0.013374443582357693,37.384732824291326,0.0,0.0,0.0,0.0,0.0,0.0,0.0,0.0,0.0,0.0,0,WHEAT,2024-11-01 10:00:00+00:00,574.5,589.867235676129,513.0310572954841,0.10060084390945001
0,0,0.0,0,1,0,0,0,0,0,0,0.75,1.0,0,0,0,0,0,,0,0.41067946498447777,0.0,1,0,0,1,0.7438609984278277,1.9999999999999953,4.0,0.01634906621419493,30.5827864080629,0.0,0.0,0.0,0.0,0.0,0.0,0.0,0.0,0.0,0.0,0,WHEAT,2024-11-01 12:00:00+00:00,595.75,615.2299123942132,517.8303504231471,0.17455821917254602
0,0,0.0,0,1,0,0,0,0,0,0,0.75,1.0,0,0,0,0,0,,0,0.36873780189092004,0.0,1,1,0,1,0.7857367958918892,2.0000000000000018,4.0,0.0189068696622952,26.445414229364395,0.0,0.0,0.0,0.0,0.0,0.0,0.0,0.0,0.0,0.0,0,WHEAT,2024-11-01 13:00:00+00:00,573.75,595.4456329374838,486.96746825006494,0.09431087319278164
0,0,0.0,0,1,1,0,0,0,1,0,0.75,1.0,0,0,0,0,0,,0,0.3383243953162385,0.0,1,0,0,1,0.7438609984278277,1.9999999999999956,4.0,0.019954383856979424,25.05715052810897,0.0,0.0,0.0,0.0,0.0,0.0,0.0,0.0,0.0,0.0,0,WHEAT,2024-11-01 14:00:00+00:00,592.5,616.1459448705206,497.91622051791774,0.16645009902640223
0,0,0.0,0,1,0,0,0,1,0,0,0.9000000000000001,1.0,0,0,0,0,0,,0,0.3138157818382528,0.5,-1,0,1,1,0.8548739597387386,0.31525200420811844,4.0,0.022420987769617293,141.4775081471571,0.0,0.0,0.0,0.0,0.0,0.0,0.0,0.0,0.0,0.0,0,WHEAT,2024-11-01 15:00:00+00:00,568.5,572.5183065665016,552.4267737339937,0.07023135528668205
0,0,0.0,0,0,1,0,0,0,1,1,0.9000000000000001,1.0,0,0,0,0,0,,1,0.2709090630447838,0.0,2,0,1,1,0.705512037969668,1.5000000000000033,4.0,0.025142787892384742,26.515224545508154,0.0,0.0,0.0,0.0,0.0,0.0,0.0,0.0,0.0,0.0,0,WHEAT,2024-11-01 18:00:00+00:00,587.25,609.3976532847045,498.65938686118216,0.07910256683807886
0,0,0.0,0,1,0,0,0,1,0,0,0.9000000000000001,1.0,0,0,0,0,0,,0,0.22928424333198003,0.0,0,0,1,1,0.8548739597387386,0.14815362497282097,4.0,0.03057948253473843,220.7280801345416,0.0,0.0,0.0,0.0,0.0,0.0,0.0,0.0,0.0,0.0,0,WHEAT,2024-11-04 07:00:00+00:00,570.5,573.084628107363,560.1614875705482,0.07799239748921916
0,0,0.0,0,0,1,0,0,1,1,1,0.9000000000000001,1.0,0,0,0,0,0,,1,0.22396171847529472,0.0,0,1,1,1,0.8625212951870681,1.4999999999999971,4.0,0.03111532257576998,21.425671067469903,0.0,0.0,0.0,0.0,0.0,0.0,0.0,0.0,0.0,0.0,0,WHEAT,2024-11-04 08:00:00+00:00,574.0,600.7902927377379,466.8388290490484,0.0803455687560974
0,0,0.0,0,0,1,0,0,1,1,1,0.9000000000000001,1.0,0,0,0,0,0,,1,0.2209661026541932,0.0,0,1,1,1,0.8625212951870681,1.499999999999998,4.0,0.031537149957739624,21.139090487251178,0.0,0.0,0.0,0.0,0.0,0.0,0.0,0.0,0.0,0.0,0,WHEAT,2024-11-04 09:00:00+00:00,574.0,601.1534861136138,465.3860555455449,0.07921505802420005
0,0,0.0,0,0,1,0,0,1,1,1,0.9000000000000001,1.0,0,0,0,0,0,,1,0.21846819907785436,0.0,-1,1,1,1,0.8625212951870681,1.5000000000000007,4.0,0.03186997550474364,20.918330061704545,0.0,0.0,0.0,0.0,0.0,0.0,0.0,0.0,0.0,0.0,0,WHEAT,2024-11-04 10:00:00+00:00,574.5,601.9639513912128,464.6441944351486,0.07593156192085204
0,0,0.0,0,1,0,0,0,1,0,0,0.9000000000000001,1.0,0,0,0,0,0,,0,0.20987696768116457,0.6875,1,0,1,1,0.8412481444806573,0.29792414362007763,4.0,0.033568973990989424,99.98992273091403,0.0,0.0,0.0,0.0,0.0,0.0,0.0,0.0,0.0,0.0,0,WHEAT,2024-11-04 12:00:00+00:00,567.75,573.428072194614,545.0377112215442,0.07668889610569006
0,0,0.0,0,1,0,0,0,1,0,0,0.9000000000000001,1.0,0,0,0,0,0,,0,0.20720465014875794,1.0,1,0,1,1,0.8412481444806573,0.39773306572547223,4.0,0.034122114106937086,73.68386043528807,0.0,0.0,0.0,0.0,0.0,0.0,0.0,0.0,0.0,0.0,0,WHEAT,2024-11-04 13:00:00+00:00,565.75,573.428072194614,535.0377112215442,0.07368111902909627
0,0,0.0,0,1,0,0,0,0,0,0,0.9000000000000001,1.0,0,0,0,0,0,,0,0.20311224634947336,0.0625,1,0,1,1,0.8412481444806573,0.16137634562720984,4.0,0.03453493063543502,179.43267650320655,0.0,0.0,0.0,0.0,0.0,0.0,0.0,0.0,0.0,0.0,0,WHEAT,2024-11-04 14:00:00+00:00,570.25,573.428072194614,557.5377112215442,0.07832055510126074
0,0,0.0,0,1,0,0,0,0,0,0,0.9000000000000001,1.0,0,0,0,0,0,,0,0.19945429693782443,0.625,-1,0,1,1,0.8548739597387386,0.2706630808261196,4.0,0.035307604946320265,104.64120218658903,0.0,0.0,0.0,0.0,0.0,0.0,0.0,0.0,0.0,0.0,0,WHEAT,2024-11-04 15:00:00+00:00,568.0,573.428072194614,546.2877112215442,0.06933940391754048
0,0,0.0,0,1,0,0,0,0,0,0,0.9000000000000001,1.0,0,0,0,0,0,,0,0.19287959060065987,0.6875,2,0,1,1,0.7817482155458204,0.28196563978948047,4.0,0.03652721600795765,97.09284759420014,0.0,0.0,0.0,0.0,0.0,0.0,0.0,0.0,0.0,0.0,0,WHEAT,2024-11-04 18:00:00+00:00,567.75,573.5974956092844,544.3600175628626,0.1142895566125343
0,0,0.0,0,1,0,0,0,1,0,0,0.9000000000000001,1.0,0,0,0,0,0,,0,0.1927059095730147,0.25,2,0,1,1,0.7817482155458204,0.19740290458964374,4.0,0.03644779249350727,138.98733624255576,0.0,0.0,0.0,0.0,0.0,0.0,0.0,0.0,0.0,0.0,0,WHEAT,2024-11-04 19:00:00+00:00,569.5,573.5974956092844,553.1100175628626,0.09498889949278874
0,0,0.0,0,1,0,0,0,1,0,1,0.9000000000000001,1.0,0,0,0,0,0,,0,0.19625553108673818,0.375,0,0,1,1,0.8548739597387386,0.23386118436308975,4.0,0.0358200196357571,119.37572869614995,0.0,0.0,0.0,0.0,0.0,0.0,0.0,0.0,0.0,0.0,0,WHEAT,2024-11-05 07:00:00+00:00,569.0,573.7664630508626,549.9341477965495,0.07344967948551966
0,0,0.0,0,0,0,0,0,0,0,1,0.9000000000000001,1.0,0,0,0,0,0,,0,0.1960024699525785,0.0,0,1,1,1,0.8046173955223099,1.999999999999999,4.000000000000003,0.03570937198421388,14.001926447237334,0.0,0.0,0.0,0.0,0.0,0.0,0.0,0.0,0.0,0.0,0,WHEAT,2024-11-05 08:00:00+00:00,571.5,612.3158121779564,408.2367512881741,0.1414590593115881
0,0,0.0,0,0,0,0,0,1,0,1,0.9000000000000001,1.0,0,0,0,0,0,,0,0.19628270066461273,0.0,0,0,1,1,0.77533226589813,2.0000000000000004,4.0,0.03572089384709115,13.997410091145193,0.0,0.0,0.0,0.0,0.0,0.0,0.0,0.0,0.0,0.0,0,WHEAT,2024-11-05 09:00:00+00:00,570.5,611.257539879531,407.46984048187596,0.0894503339394198
0,0,0.0,0,0,0,0,0,1,0,1,0.9000000000000001,1.0,0,0,0,0,0,,0,0.19671623747471134,0.0,-1,0,1,1,0.77533226589813,1.9999999999999976,4.000000000000005,0.03564216967784544,14.02832668491537,0.0,0.0,0.0,0.0,0.0,0.0,0.0,0.0,0.0,0.0,0,WHEAT,2024-11-05 10:00:00+00:00,570.5,611.1677156024216,407.8291375903134,0.09387852482343702
0,0,0.0,0,0,1,0,0,1,1,0,0.75,1.0,0,0,0,0,0,,1,0.03709913894373909,1.0,1,1,1,1,0.807430765949222,1.5,4.0,0.03523503724617478,18.92056086130694,0.0,0.0,0.0,0.0,0.0,0.0,0.0,0.0,0.0,0.0,0,WHEAT,2024-11-05 13:00:00+00:00,573.75,604.0741539299892,452.45338428004334,0.08627900878444995
0,0,0.0,0,0,0,0,0,1,0,0,0.75,1.0,0,0,0,0,0,,0,0.03686676925339622,1.0,1,1,1,1,0.7931622083806378,2.000000000000002,3.999999999999996,0.03550353204436626,14.083105854797342,0.0,0.0,0.0,0.0,0.0,0.0,0.0,0.0,0.0,0.0,0,WHEAT,2024-11-05 14:00:00+00:00,573.0,613.6870477228438,410.2518091086251,0.172728568921365
0,0,0.0,0,0,1,0,0,0,1,0,0.75,1.0,0,0,0,0,0,,0,0.035693153275072394,0.33333333333333337,2,0,0,1,0.6030706778401884,0.36415891965043395,4.0,0.03573543066514192,76.8440113852458,0.0,0.0,0.0,0.0,0.0,0.0,0.0,0.0,0.0,0.0,0,WHEAT,2024-11-05 18:00:00+00:00,588.0,595.6518649846655,557.392540061338,0.1029880329472346
0,0,0.0,0,1,0,0,0,0,0,0,0.75,0.75,0,0,0,0,0,,0,0.7555227332861267,0.0,0,0,1,1,0.8629392847340498,2.000000000000004,4.0,0.005054224958317175,98.92713603441902,0.0,0.0,0.0,0.0,0.0,0.0,0.0,0.0,0.0,0.0,1,SILVER,2024-11-22 08:00:00+00:00,31.424999237060547,31.742657267978647,30.154367113388147,0.42625179872478
0,0,0.0,0,1,0,0,0,0,0,0,0.75,0.75,0,0,0,0,0,,0,0.7304994558322906,0.2916679912261182,0,0,1,1,0.8629392847340498,0.578668224732425,4.0,0.005246557337222405,329.3790261045286,0.0,0.0,0.0,0.0,0.0,0.0,0.0,0.0,0.0,0.0,0,SILVER,2024-11-22 09:00:00+00:00,31.309999465942383,31.405057125916173,30.929768826047223,0.18723570433562642
0,0,0.0,0,1,0,0,0,0,0,0,0.75,0.75,0,0,0,0,0,,0,0.7302678746119757,0.0,-1,0,1,1,0.8629392847340498,2.0000000000000018,4.0,0.005228183224366181,95.63551592257274,0.0,0.0,0.0,0.0,0.0,0.0,0.0,0.0,0.0,0.0,1,SILVER,2024-11-22 10:00:00+00:00,31.43000030517578,31.75864390585047,30.11542590247703,0.42625179872478
0,0,0.0,0,1,1,0,0,0,1,0,0.75,0.75,0,0,0,0,0,,0,0.7300794764569027,0.0,1,0,1,1,0.849184916456976,2.0000000000000013,4.0,0.0052311967993884795,95.58042244911319,0.0,0.0,0.0,0.0,0.0,0.0,0.0,0.0,0.0,0.0,1,SILVER,2024-11-22 12:00:00+00:00,31.420000076293945,31.748728483965735,30.105086445606787,0.4157661010300141
0,0,0.0,0,1,0,0,0,0,0,0,0.75,0.75,0,0,0,0,0,,0,0.660960361582689,1.0,1,0,1,1,0.849184916456976,1.3627487750171814,4.0,0.00582645663306932,125.94463768876581,0.0,0.0,0.0,0.0,0.0,0.0,0.0,0.0,0.0,0.0,0,SILVER,2024-11-22 13:00:00+00:00,31.15999984741211,31.40741014148445,30.17035867112274,0.1028914012899929
0,0,0.0,0,1,0,0,0,0,0,0,0.75,0.75,0,0,0,0,0,,0,0.625650391229726,0.4166640175477636,1,0,1,1,0.849184916456976,0.5860835605781564,4.0,0.00612873301933073,278.4003374008992,0.0,0.0,0.0,0.0,0.0,0.0,0.0,0.0,0.0,0.0,0,SILVER,2024-11-22 14:00:00+00:00,31.295000076293945,31.40741014148445,30.84535981553192,0.15317101534268066
0,0,0.0,0,1,1,0,0,0,1,0,0.75,0.75,0,0,0,0,0,,1,0.6367483049985235,0.24999205264329083,-1,0,1,1,0.8795383253269426,1.4999999999999933,4.0,0.0060180689523896035,110.77750553222812,0.0,0.0,0.0,0.0,0.0,0.0,0.0,0.0,0.0,0.0,1,SILVER,2024-11-22 15:00:00+00:00,31.315000534057617,31.59768428274473,30.184265539309166,0.3911425949223528
0,0,0.0,0,1,1,0,0,0,1,0,0.75,0.75,0,0,0,0,0,,1,0.6946959983347669,0.041660043869409025,2,0,1,1,0.8088598499327551,1.4999999999999973,4.0,0.005511674844872048,120.95536936234929,0.0,0.0,0.0,0.0,0.0,0.0,0.0,0.0,0.0,0.0,1,SILVER,2024-11-22 18:00:00+00:00,31.34000015258789,31.599103988306847,30.303584809712063,0.41159614438047687
0,0,0.0,0,1,1,0,0,0,1,0,0.75,0.75,0,0,0,0,0,,1,0.723955042744832,0.12499602632164541,2,0,1,1,0.8088598499327551,1.500000000000005,4.0,0.005290605620976608,126.00951846106469,0.0,0.0,0.0,0.0,0.0,0.0,0.0,0.0,0.0,0.0,1,SILVER,2024-11-22 19:00:00+00:00,31.329999923706055,31.57863193425839,30.335471881496716,0.4138001882166698
0,0,0.0,0,1,0,0,0,0,0,1,0.9000000000000001,0.9000000000000001,0,0,0,0,0,,0,1.207899860835058,1.0,1,0,1,1,0.7928278190135606,2.2346256966567637,4.0,0.005977480924721097,74.86468689416182,0.0,0.0,0.0,0.0,0.0,0.0,0.0,0.0,0.0,0.0,0,GOLD,2024-12-04 12:00:00+00:00,2659.199951171875,2694.7200349589248,2517.119616023676,0.1221266349879911
0,0,0.0,0,1,0,0,0,0,0,1,0.9000000000000001,0.9000000000000001,0,0,0,0,0,,0,1.1147063800171964,0.8958330684231273,1,0,1,1,0.7928278190135606,1.365523652704323,4.0,0.006448121903179813,113.57102191288305,0.0,0.0,0.0,0.0,0.0,0.0,0.0,0.0,0.0,0.0,0,GOLD,2024-12-04 13:00:00+00:00,2671.199951171875,2694.7200349589248,2577.119616023676,0.07953168412514429
0,0,0.0,0,1,0,0,0,0,0,1,0.9000000000000001,0.9000000000000001,0,0,0,0,0,,0,1.0649106636598067,0.8229085869053825,1,0,1,1,0.7928278190135606,1.2268654697211052,4.0,0.006746103009504578,120.82313168822029,0.0,0.0,0.0,0.0,0.0,0.0,0.0,0.0,0.0,0.0,0,GOLD,2024-12-04 14:00:00+00:00,2672.60009765625,2694.7200349589248,2584.120348445551,0.07654038116456913
0,0,0.0,0,1,0,0,0,0,0,1,0.9000000000000001,0.9000000000000001,0,0,0,0,0,,0,1.0143930836199004,0.45312360922141826,-1,0,1,1,0.805669363407118,0.7935577008806928,4.0,0.007063300390520574,178.40778980755732,0.0,0.0,0.0,0.0,0.0,0.0,0.0,0.0,0.0,0.0,1,GOLD,2024-12-04 15:00:00+00:00,2679.699951171875,2694.7200349589248,2619.619616023676,0.15087739121738544
0,0,0.0,0,1,0,0,0,0,0,1,0.9000000000000001,0.9000000000000001,0,0,0,0,0,,0,0.9377798144465631,0.7760385539717457,2,0,1,1,0.7367525703507646,1.0349806617151405,4.0,0.007658065126702145,126.16785202614994,0.0,0.0,0.0,0.0,0.0,0.0,0.0,0.0,0.0,0.0,0,GOLD,2024-12-04 18:00:00+00:00,2673.5,2694.690025486412,2588.739898054351,0.11022426177418992
0,0,0.0,0,1,0,0,0,0,0,1,0.9000000000000001,0.9000000000000001,0,0,0,0,0,,0,0.9772396082840676,0.6354157394809455,2,0,1,1,0.7367525703507646,0.9411082777517841,4.0,0.007341427340295948,144.73711168742048,0.0,0.0,0.0,0.0,0.0,0.0,0.0,0.0,0.0,0.0,0,GOLD,2024-12-04 19:00:00+00:00,2676.199951171875,2694.690025486412,2602.239653913726,0.11022426177418992
1,0,0.0,0,0,0,0,0,1,0,0,0.75,0.9000000000000001,0,0,0,0,0,,0,0.741049165664282,1.0,0,0,1,1,0.8258566756790895,1.999999999999991,4.000000000000021,0.008079560557530473,0.0,0.0,0.0,0.0,0.0,0.0,0.0,0.0,0.0,0.0,0.0,0,GOLD,2024-12-09 07:00:00+00:00,2672.300048828125,2629.1180286833282,2845.028129407313,0.09882572594937973
1,0,0.0,0,0,0,0,0,1,0,0,0.75,0.9000000000000001,0,0,0,0,0,,0,0.7415179779021853,1.0,0,0,1,1,0.8258566756790895,1.9999999999999898,4.000000000000021,0.008078382448652999,0.0,0.0,0.0,0.0,0.0,0.0,0.0,0.0,0.0,0.0,0.0,0,GOLD,2024-12-09 08:00:00+00:00,2671.0,2627.845280959296,2843.6188761628173,0.09882572594937973
1,0,0.0,0,0,0,0,0,1,0,0,0.75,0.9000000000000001,0,0,0,0,0,,0,0.7310571917294546,1.0,0,0,1,1,0.8258566756790895,2.0000000000000067,3.99999999999999,0.008175306032944814,0.0,0.0,0.0,0.0,0.0,0.0,0.0,0.0,0.0,0.0,0.0,0,GOLD,2024-12-09 09:00:00+00:00,2677.10009765625,2633.3278724979173,2852.1889982895805,0.11889996351385164
1,0,0.0,0,0,0,0,0,1,0,0,0.75,0.9000000000000001,0,0,0,0,0,,0,0.7248734349668605,1.0,-1,0,1,1,0.8258566756790895,2.000000000000006,3.99999999999999,0.008237971048742599,0.0,0.0,0.0,0.0,0.0,0.0,0.0,0.0,0.0,0.0,0.0,0,GOLD,2024-12-09 10:00:00+00:00,2679.39990234375,2635.2542646967268,2855.9824529318425,0.11889996351385164
1,0,0.0,0,0,0,0,0,1,0,0,0.75,0.75,0,0,0,0,0,,0,0.7098388285790919,1.0,1,0,1,1,0.7508789694811168,1.9999999999999984,4.0,0.008414652024502686,0.0,0.0,0.0,0.0,0.0,0.0,0.0,0.0,0.0,0.0,0.0,0,GOLD,2024-12-09 12:00:00+00:00,2678.699951171875,2633.6192952375477,2859.022574909184,0.1676748082838067
1,0,0.0,0,0,0,0,0,1,0,0,0.75,0.75,0,0,0,0,0,,0,0.6765302187782009,1.0,1,0,1,1,0.7508789694811168,1.9999999999999933,4.00000000000001,0.008767410257479355,0.0,0.0,0.0,0.0,0.0,0.0,0.0,0.0,0.0,0.0,0.0,0,GOLD,2024-12-09 14:00:00+00:00,2697.5,2650.199821660899,2886.7007133564043,0.13076361580694276
1,0,0.0,0,0,0,0,0,1,0,0,0.75,0.75,0,0,0,0,0,,0,0.6721656054081008,1.0,-1,0,1,1,0.7630410624217727,1.9999999999999911,4.0000000000000195,0.008844997825682318,0.0,0.0,0.0,0.0,0.0,0.0,0.0,0.0,0.0,0.0,0.0,0,GOLD,2024-12-09 15:00:00+00:00,2691.199951171875,2643.592635738692,2881.629212904608,0.1117788894988538
1,0,0.0,0,0,0,0,0,1,0,0,0.75,0.75,0,0,0,0,0,,0,0.7086543809472132,1.0,2,0,1,1,0.755213064047523,2.000000000000008,3.99999999999998,0.008406434413107145,0.0,0.0,0.0,0.0,0.0,0.0,0.0,0.0,0.0,0.0,0.0,0,GOLD,2024-12-09 18:00:00+00:00,2685.800048828125,2640.6440449137376,2866.4240644856736,0.12466392063540484
1,0,0.0,0,0,0,0,0,1,0,0,0.75,0.75,0,0,0,0,0,,0,0.7074858120887311,1.0,2,0,1,1,0.755213064047523,2.000000000000003,3.99999999999999,0.008429421644605431,0.0,0.0,0.0,0.0,0.0,0.0,0.0,0.0,0.0,0.0,0.0,0,GOLD,2024-12-09 19:00:00+00:00,2682.89990234375,2637.6693133294975,2863.8222584007594,0.15838441998780495
1,0,0.0,0,0,1,0,0,1,1,1,0.9000000000000001,0.9000000000000001,0,0,0,0,0,,0,0.353935341320506,0.0,1,1,1,1,0.7299575672255957,0.14999999999999744,4.0,0.0038405638646091546,0.0,0.0,0.0,0.0,0.0,0.0,0.0,0.0,0.0,0.0,0.0,0,WHEAT,2024-12-17 12:00:00+00:00,551.75,551.4321453331553,553.0214186673788,0.10752334604648663
1,0,0.0,0,0,0,0,0,0,0,1,0.75,0.75,0,0,0,0,0,,0,0.3035536642219714,0.0,2,0,1,1,0.6525116498134504,1.9999999999999856,4.000000000000023,0.0045397020069524886,0.0,0.0,0.0,0.0,0.0,0.0,0.0,0.0,0.0,0.0,0.0,0,WHEAT,2024-12-17 18:00:00+00:00,544.25,539.3085343654323,564.0158625382711,0.2513265573844819
1,0,0.0,0,0,0,0,0,1,0,0,0.75,0.75,0,0,0,0,0,,0,0.4642561808730893,1.0,0,0,1,1,0.7526817574978176,1.9999999999999765,4.000000000000041,0.0021143787706624437,0.0,0.0,0.0,0.0,0.0,0.0,0.0,0.0,0.0,0.0,0.0,0,GOLD,2025-01-02 08:00:00+00:00,2648.800048828125,2637.5989156461815,2693.6045815558996,0.23948493292629816
1,0,0.0,0,0,0,0,0,1,0,0,0.75,0.75,0,0,0,0,0,,0,0.39987625015676725,1.0,1,0,1,1,0.7406847812664589,1.9999999999999671,4.00000000000007,0.002447861933490966,0.0,0.0,0.0,0.0,0.0,0.0,0.0,0.0,0.0,0.0,0.0,0,GOLD,2025-01-02 13:00:00+00:00,2656.300048828125,2643.295537281212,2708.3180950157775,0.13220333176927107
1,0,0.0,0,0,1,0,0,0,1,0,0.9000000000000001,0.9000000000000001,0,0,0,0,0,,0,1.5023531974360882,1.0,-1,0,1,1,0.8000650988691945,0.1499999999999884,4.0,0.0038532811905259757,0.0,0.0,0.0,0.0,0.0,0.0,0.0,0.0,0.0,0.0,0.0,1,SILVER,2025-01-06 10:00:00+00:00,30.229999542236328,30.212526838942473,30.299890355411748,0.4076191108854389
1,0,0.0,0,0,0,0,0,1,0,0,0.9000000000000001,0.9000000000000001,0,0,0,0,0,,0,1.0638731252724523,1.0,1,0,1,1,0.8286614122872276,1.9999999999999896,4.000000000000021,0.005326890514359446,0.0,0.0,0.0,0.0,0.0,0.0,0.0,0.0,0.0,0.0,0.0,0,SILVER,2025-01-06 12:00:00+00:00,30.8799991607666,30.551010411540773,32.195954157669924,0.19992203527831484
1,0,0.0,0,0,0,0,0,1,0,0,0.9000000000000001,0.9000000000000001,0,0,0,0,0,,0,0.8283161896761183,1.0,1,0,1,1,0.8286614122872276,2.0000000000000075,3.999999999999983,0.006925860208496553,0.0,0.0,0.0,0.0,0.0,0.0,0.0,0.0,0.0,0.0,0.0,0,SILVER,2025-01-06 14:00:00+00:00,30.5049991607666,30.08245244107105,32.195186039548794,0.09159261731577933
1,0,0.0,0,0,0,0,0,1,0,0,0.9000000000000001,0.9000000000000001,0,0,0,0,0,,0,0.8713596220750439,1.0,2,0,1,1,0.7316276934586116,1.9999999999999913,4.000000000000018,0.006585895081743061,0.0,0.0,0.0,0.0,0.0,0.0,0.0,0.0,0.0,0.0,0.0,0,SILVER,2025-01-06 18:00:00+00:00,30.4950008392334,30.093327087143685,32.10169584759226,0.14078927090659477
1,0,0.0,0,0,0,0,0,1,0,0,0.9000000000000001,0.9000000000000001,0,0,0,0,0,,0,0.9138853135496774,1.0,2,0,1,1,0.7316276934586116,2.000000000000002,4.0,0.006283555724480397,0.0,0.0,0.0,0.0,0.0,0.0,0.0,0.0,0.0,0.0,0.0,0,SILVER,2025-01-06 19:00:00+00:00,30.475000381469727,30.092017655268673,32.00693128627394,0.17937126851026328
1,0,0.0,0,0,0,1,0,0,0,0,0.75,0.75,0,0,0,0,0,,0,1.386496495054164,1.0,1,0,1,1,0.7785030460860689,1.9999999999999942,4.000000000000014,0.004090027069565859,0.0,0.0,0.0,0.0,0.0,0.0,0.0,0.0,0.0,0.0,0.0,0,SILVER,2025-01-07 12:00:00+00:00,30.860000610351562,30.60756413462525,31.869746513256818,0.10226808697127288
0,0,0.0,0,0,1,1,0,0,1,0,0.75,0.9000000000000001,0,0,0,0,0,,0,0.5990813146487175,1.0,1,0,1,1,0.75298807936558,1.497930726212324,4.0,0.014780084813586574,45.168050304685195,0.0,0.0,0.0,0.0,0.0,0.0,0.0,0.0,0.0,0.0,0,NATGAS,2025-01-07 12:00:00+00:00,3.614000082015991,3.6940123928781476,3.2939508385673655,0.09160921584462176
1,0,0.0,0,0,0,1,0,0,0,0,0.75,0.75,0,0,0,0,0,,0,1.320167503148026,1.0,1,0,1,1,0.7785030460860689,1.9999999999999911,4.000000000000027,0.004275433213634063,0.0,0.0,0.0,0.0,0.0,0.0,0.0,0.0,0.0,0.0,0.0,0,SILVER,2025-01-07 13:00:00+00:00,31.0049991607666,30.739879554365327,32.065477586371706,0.1100123663213788
0,0,0.0,0,0,0,1,0,0,0,0,0.75,0.9000000000000001,0,0,0,0,0,,0,0.5414576601223158,1.0,1,0,1,1,0.75298807936558,1.999999999999997,4.000000000000007,0.01668073588731411,29.974696762644413,0.0,0.0,0.0,0.0,0.0,0.0,0.0,0.0,0.0,0.0,0,NATGAS,2025-01-07 13:00:00+00:00,3.5429999828338623,3.6611996767586823,3.0702012071345814,0.09718690278299613
1,0,0.0,0,0,0,1,0,0,0,0,0.75,0.75,0,0,0,0,0,,0,1.2940606955725902,1.0,1,0,1,1,0.7785030460860689,2.000000000000005,3.9999999999999867,0.004375800207635165,0.0,0.0,0.0,0.0,0.0,0.0,0.0,0.0,0.0,0.0,0.0,0,SILVER,2025-01-07 14:00:00+00:00,30.905000686645508,30.63453246980233,31.986873554018214,0.1115201345330535
0,0,0.0,0,0,1,1,0,0,1,0,0.75,0.9000000000000001,0,0,0,0,0,,1,0.5213568059655779,1.0,1,0,1,1,0.7681733655086684,1.5000000000000024,4.0,0.017168792790380978,38.830142270700215,0.0,0.0,0.0,0.0,0.0,0.0,0.0,0.0,0.0,0.0,0,NATGAS,2025-01-07 14:00:00+00:00,3.575000047683716,3.6670677002501417,3.206729437418012,0.07202123606497648
0,0,0.0,0,0,1,1,0,0,1,0,0.75,0.9000000000000001,0,0,0,0,0,,1,0.5385146847235052,1.0,-1,0,1,1,0.7799030122668315,1.4999999999999991,4.0,0.01666372043559815,40.00707220474543,0.0,0.0,0.0,0.0,0.0,0.0,0.0,0.0,0.0,0.0,0,NATGAS,2025-01-07 15:00:00+00:00,3.565999984741211,3.655134224969823,3.2094630238267623,0.06903050490444035
1,0,0.0,0,0,0,1,0,0,0,0,0.75,0.75,0,0,0,0,0,,0,1.1733549695970062,1.0,-1,0,0,1,0.7043941276229406,1.999999999999994,4.0000000000000115,0.004859757242590043,0.0,0.0,0.0,0.0,0.0,0.0,0.0,0.0,0.0,0.0,0.0,0,SILVER,2025-01-07 15:00:00+00:00,30.690000534057617,30.39170862931666,31.883168153021447,0.16924507065703323
1,0,0.0,0,0,0,1,0,0,0,0,0.75,0.75,0,0,0,0,0,,0,1.2303314732468342,1.0,2,0,0,1,0.6153449493663683,2.000000000000002,4.0,0.004637724837539155,0.0,0.0,0.0,0.0,0.0,0.0,0.0,0.0,0.0,0.0,0.0,1,SILVER,2025-01-07 18:00:00+00:00,30.670000076293945,30.385522034051633,31.807912245263196,0.3766425079489552
1,0,0.0,0,0,0,1,0,0,0,0,0.75,0.75,0,0,0,0,0,,0,1.2410754234497892,1.0,2,0,0,1,0.6153449493663683,2.0000000000000058,3.9999999999999876,0.004592335542094527,0.0,0.0,0.0,0.0,0.0,0.0,0.0,0.0,0.0,0.0,0.0,1,SILVER,2025-01-07 19:00:00+00:00,30.704999923706055,30.422984598766764,31.833061223463215,0.35136153165858436
1,0,0.0,0,0,0,0,0,1,0,0,0.75,0.75,0,0,0,0,0,,0,0.0481761088020433,1.0,1,0,1,1,0.8040162616448044,1.999999999999998,4.0,0.006355276265188108,0.0,0.0,0.0,0.0,0.0,0.0,0.0,0.0,0.0,0.0,0.0,0,PLATINUM,2025-01-08 14:00:00+00:00,979.7999877929688,967.3461885788643,1029.6151846493867,0.2955638056701807
1,0,0.0,0,0,0,1,0,0,0,0,0.75,0.75,0,0,0,0,0,,0,1.1166215854867758,1.0,2,1,1,1,0.799934890534424,2.0000000000000053,3.9999999999999885,0.005117510853292026,0.0,0.0,0.0,0.0,0.0,0.0,0.0,0.0,0.0,0.0,0.0,0,SILVER,2025-01-08 18:00:00+00:00,30.625,30.311552460235863,31.878790159056546,0.16350959574137924
1,0,0.0,0,0,1,0,0,0,1,0,0.9000000000000001,0.75,0,0,0,0,0,,0,0.04923783080006958,1.0,2,0,1,1,0.7471496750803226,0.33055207009352416,4.0,0.006211263103141745,0.0,0.0,0.0,0.0,0.0,0.0,0.0,0.0,0.0,0.0,0.0,0,PLATINUM,2025-01-08 18:00:00+00:00,980.9000244140625,978.8860935735416,988.9557477761459,0.2813724542846023
1,0,0.0,0,0,1,1,0,0,1,0,0.75,0.75,0,0,0,0,0,,0,1.0853224904175647,1.0,2,0,1,1,0.7626735249612834,0.367062132283698,4.0,0.005251374432806321,0.0,0.0,0.0,0.0,0.0,0.0,0.0,0.0,0.0,0.0,0.0,1,SILVER,2025-01-08 19:00:00+00:00,30.704999923706055,30.645813558560146,30.94174538428969,0.3699405379894229
1,0,0.0,0,0,1,1,0,0,1,0,0.75,0.75,0,0,0,0,0,,0,1.4488295794368353,1.0,0,0,1,1,0.7911125701051334,0.39837484555985836,4.0,0.003934460580674007,0.0,0.0,0.0,0.0,0.0,0.0,0.0,0.0,0.0,0.0,0.0,1,SILVER,2025-01-09 07:00:00+00:00,30.700000762939453,30.651881884869677,30.892476275218556,0.35264965216763655
1,0,0.0,0,0,1,0,0,0,1,0,0.75,0.75,0,0,0,0,0,,0,0.8775043939891801,0.21621220369178998,-1,0,1,1,0.7526817574978176,0.33972715877363274,4.0,0.00430037431300806,0.0,0.0,0.0,0.0,0.0,0.0,0.0,0.0,0.0,0.0,0.0,1,PLATINUM,2025-01-09 10:00:00+00:00,980.5,979.0675346549456,986.2298613802177,0.5067997293865519
1,0,0.0,0,1,0,0,0,1,0,0,0.75,0.75,0,0,0,0,0,,0,0.8424828497271989,1.0,1,0,1,1,0.8412481444806573,1.6406959832129568,4.0,0.004460033746770208,0.0,0.0,0.0,0.0,0.0,0.0,0.0,0.0,0.0,0.0,0.0,0,PLATINUM,2025-01-09 12:00:00+00:00,984.7000122070312,977.4944113240213,1013.5224157390712,0.1778238108607463
1,0,0.0,0,1,0,0,0,0,0,0,0.75,0.75,0,0,0,0,0,,0,0.795782977646116,0.0,1,0,1,1,0.8412481444806573,0.2807978654852483,4.0,0.004750229108190486,0.0,0.0,0.0,0.0,0.0,0.0,0.0,0.0,0.0,0.0,0.0,0,PLATINUM,2025-01-09 13:00:00+00:00,978.7999877929688,977.4944113240213,984.0222936687587,0.21618429400927797
1,0,0.0,0,1,1,0,0,1,1,0,0.75,0.75,0,0,0,0,0,,0,0.6611901026238541,0.18919186420547335,1,0,1,1,0.8412481444806573,0.5192314267338732,4.0,0.005707862459460529,0.0,0.0,0.0,0.0,0.0,0.0,0.0,0.0,0.0,0.0,0.0,0,PLATINUM,2025-01-09 14:00:00+00:00,980.4000244140625,977.4944113240213,992.0224767742275,0.2259307966018786
1,0,0.0,0,1,1,0,0,0,1,0,0.75,0.75,0,0,0,0,0,,0,0.6731853117591354,0.35134689299087773,-1,0,1,1,0.8548739597387386,0.6378116270139411,4.0,0.005602727729497963,0.0,0.0,0.0,0.0,0.0,0.0,0.0,0.0,0.0,0.0,0.0,0,PLATINUM,2025-01-09 15:00:00+00:00,981.0,977.4944113240213,995.022354703915,0.23690317348283832
1,0,0.0,0,0,0,0,0,1,0,0,0.75,0.75,0,0,0,0,0,,0,0.18231671087739137,1.0,2,0,1,1,0.7645314458836485,1.999999999999996,4.0,0.004425429183777088,0.0,0.0,0.0,0.0,0.0,0.0,0.0,0.0,0.0,0.0,0.0,0,SILVER,2025-01-09 19:00:00+00:00,30.985000610351562,30.71075675843076,32.081976018034766,0.3466521351030749
1,0,0.0,0,0,0,0,0,1,0,0,0.75,0.75,0,0,0,0,0,,0,0.12349589020690271,0.0,1,1,1,1,0.7699908171540324,1.9999999999999956,4.0,0.005775143825438832,0.0,0.0,0.0,0.0,0.0,0.0,0.0,0.0,0.0,0.0,0.0,0,PLATINUM,2025-01-13 14:00:00+00:00,981.5,970.1633926706636,1026.8464293173456,0.3136351921029182
1,0,0.0,0,0,0,0,0,1,0,0,0.75,0.75,0,0,0,0,0,,0,0.4602978727869033,0.0,0,0,1,1,0.8360467110641325,2.0000000000000044,3.9999999999999885,0.00501001217884472,0.0,0.0,0.0,0.0,0.0,0.0,0.0,0.0,0.0,0.0,0.0,1,SILVER,2025-01-14 08:00:00+00:00,30.354999542236328,30.050841707445468,31.571630881399766,0.41562230531148553
1,0,0.0,0,0,0,0,0,1,0,0,0.75,0.75,0,0,0,0,0,,0,0.47929429952108143,0.0,1,0,1,1,0.7807241795091302,2.000000000000009,3.999999999999988,0.004811444556847417,0.0,0.0,0.0,0.0,0.0,0.0,0.0,0.0,0.0,0.0,0.0,1,SILVER,2025-01-14 14:00:00+00:00,30.354999542236328,30.06289674759513,31.52341072080112,0.383018700760365
1,0,0.0,0,0,0,0,0,1,0,0,0.75,0.75,0,0,0,0,0,,0,0.4441271461181922,0.0,1,0,1,1,0.7575242615501547,2.00000000000001,3.9999999999999774,0.005069672872874339,0.0,0.0,0.0,0.0,0.0,0.0,0.0,0.0,0.0,0.0,0.0,0,SILVER,2025-01-15 14:00:00+00:00,31.09000015258789,30.77476789180542,32.35092919571776,0.2758180765706332
1,0,0.0,0,0,0,0,0,1,0,0,0.75,0.75,0,0,0,0,0,,0,0.43191650045209895,0.0,-1,0,1,1,0.7697939892269616,2.0000000000000075,3.9999999999999782,0.00521887201541759,0.0,0.0,0.0,0.0,0.0,0.0,0.0,0.0,0.0,0.0,0.0,0,SILVER,2025-01-15 15:00:00+00:00,31.05500030517578,30.730856161112847,32.35157688142751,0.32012284015865716
1,0,0.0,0,0,0,0,0,1,0,0,0.75,0.75,0,0,0,0,0,,0,0.17030877910201667,0.0,0,0,0,1,0.7064038221870624,1.9999999999999973,4.00000000000001,0.006206858260654236,0.0,0.0,0.0,0.0,0.0,0.0,0.0,0.0,0.0,0.0,0.0,1,PALLADIUM,2025-01-21 07:00:00+00:00,946.0,934.2566241708422,992.9735033166313,0.44469654737618874
1,0,0.0,0,0,0,1,0,0,0,0,0.9000000000000001,0.9000000000000001,0,0,0,0,0,,0,0.9719226583526722,0.0,0,0,1,1,0.7596193076460268,1.9999999999999856,4.00000000000003,0.003982946100560661,0.0,0.0,0.0,0.0,0.0,0.0,0.0,0.0,0.0,0.0,0.0,0,PLATINUM,2025-01-21 07:00:00+00:00,955.7999877929688,948.1861881243769,986.2551864673362,0.1968186594585402
1,0,0.0,0,0,1,0,0,0,1,0,0.75,0.75,0,0,0,0,0,,1,0.9437145309812439,0.0,0,0,1,1,0.7671599430054883,1.5000000000000058,4.0,0.004117506865385264,0.0,0.0,0.0,0.0,0.0,0.0,0.0,0.0,0.0,0.0,0.0,1,PLATINUM,2025-01-21 08:00:00+00:00,952.2000122070312,946.3189770758077,975.7241527319256,0.4035120660814981
1,0,0.0,0,0,0,0,0,1,0,0,0.75,0.75,0,0,0,0,0,,0,0.9389364776791258,0.0,0,0,1,1,0.7526817574978176,2.000000000000003,4.0,0.004144117747686834,0.0,0.0,0.0,0.0,0.0,0.0,0.0,0.0,0.0,0.0,0.0,1,PLATINUM,2025-01-21 09:00:00+00:00,950.9000244140625,943.0187410791622,982.4251577536638,0.42282767117816517
1,0,0.0,0,0,0,0,0,1,0,0,0.75,0.75,0,0,0,0,0,,0,0.1743262828564042,0.0,-1,0,0,1,0.7444027764769138,2.000000000000003,3.9999999999999902,0.0060960357709565,0.0,0.0,0.0,0.0,0.0,0.0,0.0,0.0,0.0,0.0,0.0,1,PALLADIUM,2025-01-21 10:00:00+00:00,941.0,929.5272606790599,986.8909572837605,0.4618584854595323
1,0,0.0,0,0,1,0,0,0,1,0,0.75,0.55,0,0,0,0,0,,0,0.3859290749653164,1.0,0,0,1,1,0.784262766807632,0.2464822687413399,4.0,0.0053151788355578055,0.0,0.0,0.0,0.0,0.0,0.0,0.0,0.0,0.0,0.0,0.0,1,PALLADIUM,2025-01-22 07:00:00+00:00,975.0,973.7226550952996,980.1093796188015,0.37242665616041404
1,0,0.0,0,0,0,0,0,1,0,0,0.9000000000000001,0.55,0,0,0,0,0,,0,0.27796370027450984,1.0,2,0,1,1,0.7570447329143832,1.999999999999994,4.000000000000016,0.007134540517857657,0.0,0.0,0.0,0.0,0.0,0.0,0.0,0.0,0.0,0.0,0.0,0,PALLADIUM,2025-01-22 18:00:00+00:00,1008.5,994.1096317754811,1066.0614728980756,0.21625102854004746
1,0,0.0,0,0,0,0,0,1,0,0,0.9000000000000001,0.55,0,0,0,0,0,,0,0.29004304960630234,1.0,2,0,0,1,0.6439276695638909,1.999999999999994,4.000000000000017,0.006847594939663273,0.0,0.0,0.0,0.0,0.0,0.0,0.0,0.0,0.0,0.0,0.0,0,PALLADIUM,2025-01-22 19:00:00+00:00,1007.0,993.2089437915182,1062.1642248339274,0.22430847260697379
1,0,0.0,0,0,0,0,0,1,0,0,0.75,0.75,0,0,0,0,0,,0,0.025036065535636934,1.0,0,0,1,1,0.761903890748012,2.000000000000011,3.9999999999999716,0.004069770432054827,0.0,0.0,0.0,0.0,0.0,0.0,0.0,0.0,0.0,0.0,0.0,0,PLATINUM,2025-01-24 07:00:00+00:00,981.7999877929688,973.8085866719455,1013.7655922770616,0.11567865882351838
1,0,0.0,0,0,0,1,0,0,0,0,0.75,0.75,0,0,0,0,0,,0,0.024681179370783016,1.0,0,0,1,1,0.761903890748012,2.00000000000001,3.999999999999986,0.004133340923016447,0.0,0.0,0.0,0.0,0.0,0.0,0.0,0.0,0.0,0.0,0.0,0,PLATINUM,2025-01-24 08:00:00+00:00,980.5999755859375,972.4936675695409,1013.0252076515238,0.08584685100090464
1,0,0.0,0,0,0,1,0,0,0,0,0.75,0.75,0,0,0,0,0,,0,0.023581222033306547,1.0,0,0,1,1,0.761903890748012,1.9999999999999916,4.000000000000013,0.004344751333512797,0.0,0.0,0.0,0.0,0.0,0.0,0.0,0.0,0.0,0.0,0.0,0,PLATINUM,2025-01-24 09:00:00+00:00,976.4000244140625,967.9155937978327,1010.3377468789819,0.14855531150770007
1,0,0.0,0,0,0,1,0,0,0,0,0.75,0.75,0,0,0,0,0,,0,0.023717876398002206,1.0,-1,0,1,1,0.761903890748012,2.0000000000000093,3.9999999999999867,0.004324147012330224,0.0,0.0,0.0,0.0,0.0,0.0,0.0,0.0,0.0,0.0,0.0,0,PLATINUM,2025-01-24 10:00:00+00:00,975.4000244140625,966.9644782112687,1009.1422092252377,0.10158049183244638
1,0,0.0,0,0,0,1,0,0,0,0,0.75,0.75,0,0,0,0,0,,0,0.022667179014060596,1.0,1,0,1,1,0.7497599231590139,2.000000000000008,3.999999999999987,0.0045245852737837555,0.0,0.0,0.0,0.0,0.0,0.0,0.0,0.0,0.0,0.0,0.0,0,PLATINUM,2025-01-24 12:00:00+00:00,975.4000244140625,966.5734632410381,1010.70626910616,0.11057644099980339
1,0,0.0,0,0,0,1,0,0,0,0,0.75,0.75,0,0,0,0,0,,0,0.020756736017963774,1.0,1,0,1,1,0.7497599231590139,2.00000000000001,3.9999999999999765,0.004926379951202725,0.0,0.0,0.0,0.0,0.0,0.0,0.0,0.0,0.0,0.0,0.0,0,PLATINUM,2025-01-24 13:00:00+00:00,978.2999877929688,968.6610329007184,1016.8558073619699,0.08661750095277235
1,0,0.0,0,0,0,1,0,0,0,0,0.75,0.75,0,0,0,0,0,,0,0.020519375747213627,1.0,1,0,1,1,0.7497599231590139,1.9999999999999913,4.000000000000023,0.004999720475149311,0.0,0.0,0.0,0.0,0.0,0.0,0.0,0.0,0.0,0.0,0.0,0,PLATINUM,2025-01-24 14:00:00+00:00,975.0999755859375,965.3495209594283,1014.1017940919744,0.10034950777416544
1,0,0.0,0,0,0,1,0,0,0,0,0.75,0.75,0,0,0,0,0,,0,0.020602461442279636,1.0,-1,0,1,1,0.761903890748012,2.000000000000007,3.9999999999999885,0.004981090004506995,0.0,0.0,0.0,0.0,0.0,0.0,0.0,0.0,0.0,0.0,0.0,0,PLATINUM,2025-01-24 15:00:00+00:00,974.7999877929688,965.0888548417905,1013.6445195976816,0.15567848148445443
1,0,0.0,0,0,0,1,0,0,0,0,0.75,0.75,0,0,0,0,0,,0,0.021137405536135186,1.0,2,0,1,1,0.6967307872984048,2.000000000000004,3.999999999999988,0.004871019176420816,0.0,0.0,0.0,0.0,0.0,0.0,0.0,0.0,0.0,0.0,0.0,0,PLATINUM,2025-01-24 18:00:00+00:00,971.5999755859375,962.1346113601593,1009.4614324890503,0.1654115240023494
1,0,0.0,0,0,0,1,0,0,0,0,0.75,0.75,0,0,0,0,0,,0,0.02215129079755884,1.0,2,0,1,1,0.6967307872984048,1.999999999999995,4.000000000000012,0.004645199318242295,0.0,0.0,0.0,0.0,0.0,0.0,0.0,0.0,0.0,0.0,0.0,0,PLATINUM,2025-01-24 19:00:00+00:00,972.2000122070312,963.1678865392328,1008.3285148782253,0.22013762367252437
1,0,0.0,0,0,0,0,0,1,0,0,0.75,0.75,0,0,0,0,0,,0,0.1612578020969417,0.0,2,0,1,1,0.7043101411993923,1.9999999999999942,4.000000000000019,0.006356996760118669,0.0,0.0,0.0,0.0,0.0,0.0,0.0,0.0,0.0,0.0,0.0,1,PALLADIUM,2025-01-29 18:00:00+00:00,975.5,963.0974993210085,1025.1100027159662,0.4286054422701819
1,0,0.0,0,1,0,0,0,0,0,0,0.75,0.75,0,0,0,0,0,,0,0.40911726186891256,0.0,0,0,0,1,0.7683474989924967,1.9999999999999953,4.0,0.0034187918546063558,0.0,0.0,0.0,0.0,0.0,0.0,0.0,0.0,0.0,0.0,0.0,1,OIL,2025-02-10 08:00:00+00:00,71.5,71.01111276479129,73.45554894083483,0.3590393396860224
1,0,0.0,0,1,0,0,0,0,0,0,0.75,0.75,0,0,0,0,0,,0,0.3968759964450505,0.0,0,0,0,1,0.7683474989924967,2.000000000000024,4.0,0.003513920700457167,0.0,0.0,0.0,0.0,0.0,0.0,0.0,0.0,0.0,0.0,0.0,0,OIL,2025-02-10 09:00:00+00:00,71.70999908447266,71.20603258404726,73.72586508617422,0.24028302468166463
1,0,0.0,0,1,0,0,0,0,0,0,0.75,0.75,0,0,0,0,0,,0,0.3861473030723436,0.8999847421422033,-1,0,0,1,0.7683474989924967,0.8061866896835336,4.0,0.0036005051652430787,0.0,0.0,0.0,0.0,0.0,0.0,0.0,0.0,0.0,0.0,0.0,0,OIL,2025-02-10 10:00:00+00:00,71.93000030517578,71.72121057933816,72.76515920852626,0.12670955650111906
0,0,0.0,0,0,0,1,0,0,0,0,0.75,0.75,0,0,0,0,0,,0,0.15617853298724124,1.0,0,0,1,1,0.713548437666995,2.000000000000012,3.9999999999999702,0.003900895079735677,128.1757109021955,0.0,0.0,0.0,0.0,0.0,0.0,0.0,0.0,0.0,0.0,0,PLATINUM,2025-02-21 08:00:00+00:00,984.9000244140625,992.5840077325993,954.1640911399156,0.10901482836142294
0,0,0.0,0,0,1,1,0,0,1,0,0.75,0.75,0,0,0,0,0,,1,0.15069298020293137,1.0,0,1,1,1,0.7532696755322061,1.4999999999999876,4.0,0.004032251671859493,165.3335954497194,0.0,0.0,0.0,0.0,0.0,0.0,0.0,0.0,0.0,0.0,0,PLATINUM,2025-02-21 09:00:00+00:00,987.5,993.4727727889418,963.6089088442327,0.1261774804863994
0,0,0.0,0,0,0,1,0,0,0,0,0.75,0.75,0,0,0,0,0,,0,0.15509404018008277,1.0,-1,1,1,1,0.7404999259634393,1.9999999999999896,4.000000000000015,0.003918623293404024,127.59583214891354,0.0,0.0,0.0,0.0,0.0,0.0,0.0,0.0,0.0,0.0,0,PLATINUM,2025-02-21 10:00:00+00:00,987.2999877929688,995.0377012524548,956.3491339550245,0.12740248035853124
0,0,0.0,0,0,0,0,0,1,0,0,0.75,0.75,0,0,0,0,0,,0,0.1434867964640505,1.0,1,0,1,1,0.7021752064688962,2.000000000000008,3.9999999999999862,0.00420326117022564,118.95525396846968,0.0,0.0,0.0,0.0,0.0,0.0,0.0,0.0,0.0,0.0,0,PLATINUM,2025-02-21 12:00:00+00:00,994.9000244140625,1003.2636736958149,961.4454272870531,0.10697275502852817
0,0,0.0,0,0,0,0,0,1,0,0,0.75,0.75,0,0,0,0,0,,0,0.13195135726155263,1.0,1,0,1,1,0.7021752064688962,1.9999999999999907,4.000000000000025,0.0045665874461869585,109.49095049466224,0.0,0.0,0.0,0.0,0.0,0.0,0.0,0.0,0.0,0.0,1,PLATINUM,2025-02-21 13:00:00+00:00,995.7999877929688,1004.8948032393057,959.4207260076207,0.2936447162737436
0,0,0.0,0,0,0,0,0,1,0,0,0.75,0.75,0,0,0,0,0,,0,0.4076792333759744,0.0,2,0,1,1,0.6592689078327467,2.000000000000001,4.0,0.005511622459345273,90.71738924211346,0.0,0.0,0.0,0.0,0.0,0.0,0.0,0.0,0.0,0.0,0,PLATINUM,2025-03-06 19:00:00+00:00,979.0999755859375,989.8928344167052,935.9285402628666,0.24457166245412112
0,0,0.0,0,0,1,0,0,0,1,0,0.75,0.75,0,0,0,0,0,,0,0.5353457843810066,1.0,0,0,1,1,0.7209377783844522,0.4005844300585554,4.0,0.0030085606697607837,829.7498090333714,0.0,0.0,0.0,0.0,0.0,0.0,0.0,0.0,0.0,0.0,1,GOLD,2025-03-10 09:00:00+00:00,2918.10009765625,2921.61694100576,2904.03272425821,0.44918924738331734
0,0,0.0,0,0,0,0,0,1,0,0,0.75,0.75,0,0,0,0,0,,0,0.06985981165663341,1.0,2,0,1,1,0.6592689078327467,2.000000000000011,3.9999999999999774,0.0034673986485203243,144.20032153307986,0.0,0.0,0.0,0.0,0.0,0.0,0.0,0.0,0.0,0.0,0,GOLD,2025-03-10 19:00:00+00:00,2890.60009765625,2910.645823400302,2810.417194680042,0.10760264952084075
1,0,0.0,0,0,0,0,0,1,0,0,0.75,0.75,0,0,0,0,0,,0,0.4692780101807385,1.0,-1,0,1,1,0.7526817574978176,1.9999999999999813,4.000000000000042,0.005039775594228969,0.0,0.0,0.0,0.0,0.0,0.0,0.0,0.0,0.0,0.0,0.0,0,OIL,2025-03-12 15:00:00+00:00,67.6500015258789,66.96811987259956,70.37752813899633,0.2516106403670008
0,0,0.0,0,0,1,0,0,0,1,0,0.75,0.75,0,0,0,0,0,,0,0.13122769347911642,1.0,-1,1,1,1,0.8128880460682645,0.2812204123553604,4.0,0.01107352188701165,321.12002644374144,0.0,0.0,0.0,0.0,0.0,0.0,0.0,0.0,0.0,0.0,0,COFFEE,2025-03-17 10:00:00+00:00,378.5,379.67868699810384,373.78525200758463,0.11906432837343273
0,0,0.0,0,0,1,0,0,0,1,0,0.75,0.75,0,0,0,0,0,,0,0.13616661636044522,1.0,1,1,1,1,0.8013151112240017,0.31091731464579336,4.0,0.010674692694758061,301.3004016272607,0.0,0.0,0.0,0.0,0.0,0.0,0.0,0.0,0.0,0.0,0,COFFEE,2025-03-17 13:00:00+00:00,378.3999938964844,379.65588334055025,373.3764361202209,0.1277705644523365
1,0,0.0,0,0,0,0,0,0,0,1,0.75,0.75,0,0,0,0,0,,0,0.4073273254172588,1.0,1,0,1,1,0.7629742637641241,1.9999999999999947,4.0,0.0035912676187431843,0.0,0.0,0.0,0.0,0.0,0.0,0.0,0.0,0.0,0.0,0.0,0,OIL,2025-03-18 12:00:00+00:00,68.36000061035156,67.86900249713312,70.32399306322532,0.09743083296735103
1,0,0.0,0,0,0,0,0,0,0,1,0.75,0.75,0,0,0,0,0,,0,0.37822030751147645,1.0,1,0,1,1,0.7629742637641241,2.0000000000000107,3.999999999999973,0.0038932722642826467,0.0,0.0,0.0,0.0,0.0,0.0,0.0,0.0,0.0,0.0,0.0,0,OIL,2025-03-18 13:00:00+00:00,67.91000366210938,67.38121939465933,70.02514073190956,0.07848623997798909
1,0,0.0,0,0,0,0,0,0,0,1,0.75,0.75,0,0,0,0,0,,0,0.37663153419611617,1.0,1,1,1,1,0.7931622083806378,1.9999999999999791,4.000000000000053,0.003921823501450821,0.0,0.0,0.0,0.0,0.0,0.0,0.0,0.0,0.0,0.0,0.0,0,OIL,2025-03-18 14:00:00+00:00,67.69999694824219,67.16898207008266,69.82405646088031,0.0707845050267951
1,0,0.0,0,0,0,0,0,0,0,1,0.75,0.75,0,0,0,0,0,,0,0.34811515066486975,0.0,-1,0,1,1,0.77533226589813,1.9999999999999785,4.00000000000005,0.0042740200837916515,0.0,0.0,0.0,0.0,0.0,0.0,0.0,0.0,0.0,0.0,0.0,0,OIL,2025-03-18 15:00:00+00:00,67.20999908447266,66.63548531263535,69.5080541718219,0.10726584719313458
1,0,0.0,0,0,0,0,0,1,0,0,0.9000000000000001,0.9000000000000001,0,0,0,0,0,,0,0.4164427300908499,1.0,2,0,0,1,0.640099810822142,2.000000000000014,3.9999999999999774,0.004647603207373658,0.0,0.0,0.0,0.0,0.0,0.0,0.0,0.0,0.0,0.0,0.0,1,OIL,2025-03-19 18:00:00+00:00,67.16999816894531,66.54563917108676,69.6674341603795,0.3915167054617337
1,0,0.0,0,0,0,0,0,0,0,1,0.9000000000000001,0.9000000000000001,0,0,0,0,0,,0,0.43352168902494864,1.0,2,0,0,1,0.640099810822142,2.0000000000000036,4.0,0.004460522158578773,0.0,0.0,0.0,0.0,0.0,0.0,0.0,0.0,0.0,0.0,0.0,1,OIL,2025-03-19 19:00:00+00:00,67.2300033569336,66.63024151754374,69.62905071449302,0.42783630443858095
1,0,0.0,0,0,0,1,0,0,0,0,0.75,0.75,0,0,0,0,0,,0,0.6899300345135148,1.0,0,0,1,1,0.7526817574978176,2.00000000000001,3.9999999999999623,0.002784160455884064,0.0,0.0,0.0,0.0,0.0,0.0,0.0,0.0,0.0,0.0,0.0,0,OIL,2025-03-20 08:00:00+00:00,67.68000030517578,67.303136344168,69.18745614920691,0.12654269401402002
0,0,0.0,0,0,0,0,0,1,0,0,0.9000000000000001,0.75,0,0,0,0,0,,0,0.1477064410132049,0.0,0,0,1,1,0.7963593250459131,2.000000000000004,3.9999999999999925,0.009566412257983086,52.2661982900385,0.0,0.0,0.0,0.0,0.0,0.0,0.0,0.0,0.0,0.0,0,COFFEE,2025-03-20 09:00:00+00:00,389.25,396.69745194283985,359.46019222864066,0.11301826862448594
1,0,0.0,0,0,0,1,0,0,0,0,0.75,0.75,0,0,0,0,0,,0,0.6455016392493885,1.0,0,0,1,1,0.7526817574978176,2.000000000000019,3.999999999999965,0.0029921457174727066,0.0,0.0,0.0,0.0,0.0,0.0,0.0,0.0,0.0,0.0,0.0,0,OIL,2025-03-20 09:00:00+00:00,67.30999755859375,66.90719491671766,68.92120812609811,0.12654269401402002
0,0,0.0,0,0,1,0,0,0,1,0,0.75,0.75,0,0,0,0,0,,0,0.13707923382410062,0.0,-1,0,1,1,0.7963593250459131,0.24969675397915767,4.0,0.010234438832119018,391.3119121132407,0.0,0.0,0.0,0.0,0.0,0.0,0.0,0.0,0.0,0.0,0,COFFEE,2025-03-20 15:00:00+00:00,392.04998779296875,393.0518739499113,388.0424431651986,0.10536938540667741
0,0,0.0,0,0,1,0,0,0,1,0,0.75,0.75,0,0,0,0,0,,0,0.13130195351171506,0.0,-1,0,1,1,0.7963593250459131,0.5677650347986293,4.0,0.01072167245239119,164.27399584748218,0.0,0.0,0.0,0.0,0.0,0.0,0.0,0.0,0.0,0.0,0,COFFEE,2025-03-21 15:00:00+00:00,390.70001220703125,393.0783558407356,381.1866376722139,0.10594456102032045
1,0,0.0,0,0,0,0,0,0,0,1,0.9000000000000001,0.9000000000000001,0,0,0,0,0,,0,0.1438905943132619,1.0,0,0,1,1,0.8099029503193709,2.0000000000000013,3.999999999999997,0.03198216557339498,0.0,0.0,0.0,0.0,0.0,0.0,0.0,0.0,0.0,0.0,0.0,0,WHEAT,2025-04-08 07:00:00+00:00,543.25,508.50137710450633,682.2444915819746,0.12735280230007143
1,0,0.0,0,0,0,0,0,1,0,1,0.9000000000000001,0.9000000000000001,0,0,0,0,0,,0,0.151373543966341,1.0,0,0,1,1,0.7701922272644881,2.0000000000000036,3.999999999999993,0.02978437418976442,0.0,0.0,0.0,0.0,0.0,0.0,0.0,0.0,0.0,0.0,0.0,0,WHEAT,2025-04-10 07:00:00+00:00,554.5,521.4691290235512,686.623483905795,0.09997925563711904
1,0,0.0,0,0,0,0,0,1,0,1,0.9000000000000001,0.9000000000000001,0,0,0,0,0,,0,0.15154752013212736,1.0,0,0,1,1,0.7701922272644881,2.000000000000002,3.9999999999999964,0.02968326731532894,0.0,0.0,0.0,0.0,0.0,0.0,0.0,0.0,0.0,0.0,0.0,0,WHEAT,2025-04-10 08:00:00+00:00,555.75,522.7570483790118,687.7218064839525,0.09997925563711904
1,0,0.0,0,0,1,0,0,0,1,1,0.9000000000000001,0.9000000000000001,0,0,0,0,0,,0,0.1513813425081194,1.0,0,0,1,1,0.7701922272644881,0.49817708776867176,4.0,0.030343747691636298,0.0,0.0,0.0,0.0,0.0,0.0,0.0,0.0,0.0,0.0,0.0,0,WHEAT,2025-04-10 09:00:00+00:00,544.25,536.0228122978241,577.1587508087036,0.07152505050534518
1,0,0.0,0,0,1,0,0,0,1,1,0.9000000000000001,0.9000000000000001,0,0,0,0,0,,0,0.15204857156865687,1.0,-1,0,1,1,0.7701922272644881,0.5453262860785099,4.0,0.030169017150098263,0.0,0.0,0.0,0.0,0.0,0.0,0.0,0.0,0.0,0.0,0.0,0,WHEAT,2025-04-10 10:00:00+00:00,545.0,536.0336828479794,580.8652686080823,0.07152505050534518
1,0,0.0,0,0,0,0,0,1,0,1,0.9000000000000001,0.9000000000000001,0,0,0,0,0,,0,0.1505160246259671,1.0,1,0,1,1,0.8227209828648928,2.000000000000002,3.9999999999999964,0.0297528475886727,0.0,0.0,0.0,0.0,0.0,0.0,0.0,0.0,0.0,0.0,0.0,0,WHEAT,2025-04-10 12:00:00+00:00,558.25,525.0309456672469,691.1262173310123,0.17332180429122934
1,0,0.0,0,0,0,0,0,1,0,1,0.9000000000000001,0.9000000000000001,0,0,0,0,0,,0,0.14710588927810106,1.0,1,0,1,1,0.8227209828648928,2.0,4.0,0.030689952036490803,0.0,0.0,0.0,0.0,0.0,0.0,0.0,0.0,0.0,0.0,0.0,0,WHEAT,2025-04-10 13:00:00+00:00,553.75,519.7608781195864,689.7064875216543,0.1771512961347859
1,0,0.0,0,0,1,0,0,0,1,1,0.9000000000000001,0.9000000000000001,0,0,0,0,0,,0,0.14557294444631408,1.0,1,0,1,1,0.8227209828648928,0.9360939000100982,4.0,0.03111145085697311,0.0,0.0,0.0,0.0,0.0,0.0,0.0,0.0,0.0,0.0,0.0,0,WHEAT,2025-04-10 14:00:00+00:00,552.0,535.9239718690426,616.3041125238296,0.08539137533084008
1,0,0.0,0,0,0,0,0,1,0,1,0.9000000000000001,0.9000000000000001,0,0,0,0,0,,0,0.14507424964054594,1.0,-1,0,1,1,0.8360467110641325,2.0000000000000004,4.0,0.031119738323075012,0.0,0.0,0.0,0.0,0.0,0.0,0.0,0.0,0.0,0.0,0.0,0,WHEAT,2025-04-10 15:00:00+00:00,553.75,519.2848898071944,691.6104407712223,0.11843661388129123
1,0,0.0,0,0,1,0,0,0,1,1,0.9000000000000001,0.9000000000000001,0,0,0,0,0,,0,0.14272123805628953,1.0,0,1,0,1,0.743650093682067,0.4925309713350945,4.0,0.03217018216953121,0.0,0.0,0.0,0.0,0.0,0.0,0.0,0.0,0.0,0.0,0.0,0,WHEAT,2025-04-11 07:00:00+00:00,544.5,535.8725003713035,579.0099985147858,0.06959446277429772
1,0,0.0,0,0,1,0,0,0,1,1,0.9000000000000001,0.9000000000000001,0,0,0,0,0,,0,0.49601842068441443,0.2,0,0,0,1,0.7497777119016218,0.5893306011776254,4.0,0.03229377371520453,0.0,0.0,0.0,0.0,0.0,0.0,0.0,0.0,0.0,0.0,0.0,0,WHEAT,2025-04-11 08:00:00+00:00,546.25,535.8539289162104,587.8342843351584,0.0769236292669581
1,0,0.0,0,0,1,0,0,0,1,1,0.9000000000000001,0.9000000000000001,0,0,0,0,0,,0,0.4952973826353444,0.37142857142857144,0,0,0,1,0.7497777119016218,0.6736000902145045,4.0,0.03225222150291403,0.0,0.0,0.0,0.0,0.0,0.0,0.0,0.0,0.0,0.0,0.0,0,WHEAT,2025-04-11 09:00:00+00:00,547.75,535.8500768507669,595.3496925969325,0.07607604009306504
1,0,0.0,0,0,1,0,0,0,1,1,0.9000000000000001,0.9000000000000001,0,0,0,0,0,,0,0.4976437962354911,0.2857142857142857,-1,0,0,1,0.7497777119016218,0.6334254020573321,4.0,0.03214416378517564,0.0,0.0,0.0,0.0,0.0,0.0,0.0,0.0,0.0,0.0,0.0,0,WHEAT,2025-04-11 10:00:00+00:00,547.0,535.8625713614264,591.5497145542945,0.07607604009306504
1,0,0.0,0,0,1,0,0,0,1,1,0.9000000000000001,0.9000000000000001,0,0,0,0,0,,0,0.4958434537893151,0.6285714285714286,1,0,1,1,0.8286614122872276,0.8016799678373839,4.0,0.03208490661217989,0.0,0.0,0.0,0.0,0.0,0.0,0.0,0.0,0.0,0.0,0.0,0,WHEAT,2025-04-11 12:00:00+00:00,550.0,535.8529952044952,606.5880191820193,0.0749920032609857
1,0,0.0,0,0,1,0,0,0,1,1,0.9000000000000001,0.9000000000000001,0,0,0,0,0,,0,0.4896923120661961,0.9142857142857143,1,0,1,1,0.8286614122872276,0.9335076993059163,4.0,0.032340928542609726,0.0,0.0,0.0,0.0,0.0,0.0,0.0,0.0,0.0,0.0,0.0,0,WHEAT,2025-04-11 13:00:00+00:00,552.5,535.8197455470312,619.2210178118753,0.0749920032609857
1,0,0.0,0,0,1,0,0,0,1,0,0.9000000000000001,0.9000000000000001,0,0,0,0,0,,0,0.4865190162662586,0.7142857142857143,1,0,1,1,0.8286614122872276,0.8311266227727601,4.0,0.0326553037101737,0.0,0.0,0.0,0.0,0.0,0.0,0.0,0.0,0.0,0.0,0.0,0,WHEAT,2025-04-11 14:00:00+00:00,550.75,535.8022637222433,610.5409451110268,0.0746867818039742
1,0,0.0,0,0,0,0,0,0,0,1,0.9000000000000001,0.9000000000000001,0,0,0,0,0,,0,0.49085633523066136,1.0,2,0,1,1,0.7316276934586116,2.000000000000001,4.0,0.032147862486728684,0.0,0.0,0.0,0.0,0.0,0.0,0.0,0.0,0.0,0.0,0.0,0,WHEAT,2025-04-11 18:00:00+00:00,554.5,518.8480205022179,697.1079179911285,0.10293254528019448
1,0,0.0,0,1,1,0,0,0,1,0,0.75,0.75,0,0,0,0,0,,0,0.5127988423314207,0.5142857142857142,0,0,1,1,0.8747618399446866,0.4988659619697363,4.0,0.031080548357511707,0.0,0.0,0.0,0.0,0.0,0.0,0.0,0.0,0.0,0.0,0.0,0,WHEAT,2025-04-14 07:00:00+00:00,549.0,540.4877398174506,583.0490407301977,0.06653942841728701
1,0,0.0,0,1,0,0,0,0,0,0,0.75,0.75,0,0,0,0,0,,0,0.5123982095477991,1.0,0,0,1,1,0.8747618399446866,1.331856305560968,4.0,0.03031790928001535,0.0,0.0,0.0,0.0,0.0,0.0,0.0,0.0,0.0,0.0,0.0,0,WHEAT,2025-04-14 08:00:00+00:00,563.25,540.5064726876327,654.2241092494692,0.06621423302773363
1,0,0.0,0,1,1,0,0,0,1,0,0.75,0.75,0,0,0,0,0,,0,0.5098954871380255,0.6857142857142857,0,0,1,1,0.8747618399446866,0.5823605116761923,4.0,0.031172351268404366,0.0,0.0,0.0,0.0,0.0,0.0,0.0,0.0,0.0,0.0,0.0,0,WHEAT,2025-04-14 09:00:00+00:00,550.5,540.5064726876327,590.4741092494692,0.06653942841728701
1,0,0.0,0,1,0,0,0,1,0,1,0.9000000000000001,0.75,0,0,0,0,0,,0,0.5123702236310681,1.0,-1,0,1,1,0.8747618399446866,1.4488967568524653,4.0,0.03021228683292296,0.0,0.0,0.0,0.0,0.0,0.0,0.0,0.0,0.0,0.0,0.0,0,WHEAT,2025-04-14 10:00:00+00:00,565.25,540.5064726876327,664.2241092494692,0.06677314691728643
0,0,0.0,0,0,0,0,0,1,0,0,0.75,0.55,0,0,0,0,0,,0,0.06570220919013166,0.0,0,0,0,1,0.6465298301653887,2.000000000000007,3.9999999999999853,0.006408710755665737,78.018812061063,0.0,0.0,0.0,0.0,0.0,0.0,0.0,0.0,0.0,0.0,0,COPPER,2025-04-21 07:00:00+00:00,4.749499797821045,4.810376138697701,4.505994434314421,0.14597138290303036
0,0,0.0,0,0,0,0,0,1,0,0,0.75,0.75,0,0,0,0,0,,0,1.4010516254339045,0.1851886736916466,1,0,0,1,0.6318308489973096,2.0000000000000036,4.0,0.006044954916240027,82.71360281889413,0.0,0.0,0.0,0.0,0.0,0.0,0.0,0.0,0.0,0.0,0,COPPER,2025-04-21 12:00:00+00:00,4.7820000648498535,4.839814014452802,4.550744266438059,0.2172723177692162
0,0,0.0,0,0,0,0,0,1,0,0,0.75,0.75,0,0,0,0,0,,0,1.4076849467514385,0.28395832106905283,1,0,0,1,0.6318308489973096,2.0000000000000036,4.0,0.006021506803784636,83.03569460151391,0.0,0.0,0.0,0.0,0.0,0.0,0.0,0.0,0.0,0.0,0,COPPER,2025-04-21 13:00:00+00:00,4.7779998779296875,4.835541395476559,4.547833807742201,0.2176836145101871
0,0,0.0,0,1,0,0,0,0,0,0,0.75,0.75,0,0,0,0,0,,0,1.5465483423667084,0.8642020368517102,0,0,1,1,0.8006180120367974,1.7884726560213453,4.0,0.005507930335274122,101.51477509131288,0.0,0.0,0.0,0.0,0.0,0.0,0.0,0.0,0.0,0.0,0,COPPER,2025-04-22 07:00:00+00:00,4.754499912261963,4.80133545820082,4.567157728506533,0.28866665667614044
0,0,0.0,0,0,0,0,0,1,0,0,0.75,0.75,0,0,0,0,0,,0,1.474405396485838,0.5802554894919645,-1,0,1,1,0.7049116019026147,2.000000000000004,4.0,0.005763494076696205,86.7529303138649,0.0,0.0,0.0,0.0,0.0,0.0,0.0,0.0,0.0,0.0,0,COPPER,2025-04-22 10:00:00+00:00,4.765999794006348,4.82093741717093,4.54624930134802,0.3221595491178419
0,0,0.0,0,0,0,0,0,1,0,0,0.75,0.75,0,0,0,0,0,,0,1.3860163791312585,0.0,1,0,1,1,0.6936760330197602,1.999999999999996,4.000000000000015,0.006089517949945652,82.10830547013389,0.0,0.0,0.0,0.0,0.0,0.0,0.0,0.0,0.0,0.0,0,COPPER,2025-04-22 12:00:00+00:00,4.798500061035156,4.856941165544134,4.564735642999245,0.18539065270234478
0,0,0.0,0,0,0,0,0,1,0,0,0.75,0.75,0,0,0,0,0,,0,1.3504326508604234,0.0,1,0,1,1,0.6936760330197602,2.000000000000009,3.9999999999999853,0.006246071240207774,80.05031975641785,0.0,0.0,0.0,0.0,0.0,0.0,0.0,0.0,0.0,0.0,0,COPPER,2025-04-22 13:00:00+00:00,4.801499843597412,4.861480863763324,4.5615757629337645,0.09122190180040429
1,0,0.0,0,0,1,0,0,0,1,0,0.75,0.9000000000000001,0,0,0,0,0,,0,0.45645630455261743,0.765625,1,0,0,1,0.6549393594838813,0.4994743581730944,4.0,0.015373966335128546,0.0,0.0,0.0,0.0,0.0,0.0,0.0,0.0,0.0,0.0,0.0,0,COCOA,2025-04-28 12:00:00+00:00,9120.0,9049.968414053545,9400.126343785822,0.12540238997356476
1,0,0.0,0,0,1,0,0,0,1,0,0.75,0.9000000000000001,0,0,0,0,0,,0,0.4262232374494035,0.125,1,0,0,1,0.6549393594838813,0.20327790468117388,4.0,0.016538831949602765,0.0,0.0,0.0,0.0,0.0,0.0,0.0,0.0,0.0,0.0,0.0,0,COCOA,2025-04-28 14:00:00+00:00,9079.0,9048.476591709434,9201.093633162265,0.20485392482865877
0,0,0.0,0,0,0,0,0,1,0,0,0.75,0.9000000000000001,0,0,0,0,0,,0,0.6061732862883714,0.0,0,0,0,1,0.6465298301653887,2.0000000000000004,4.0,0.006044720077356949,82.71681626299967,0.0,0.0,0.0,0.0,0.0,0.0,0.0,0.0,0.0,0.0,1,COPPER,2025-04-29 08:00:00+00:00,4.912499904632568,4.9718892782396615,4.674942410204196,0.33756599833430834
1,0,0.0,0,1,0,0,0,0,0,1,0.9000000000000001,0.9000000000000001,0,0,0,0,0,,0,0.2232699152738897,0.0,1,1,0,1,0.790694256979409,0.34343306321281586,4.0,0.01657357753220951,0.0,0.0,0.0,0.0,0.0,0.0,0.0,0.0,0.0,0.0,0.0,0,COCOA,2025-04-29 12:00:00+00:00,8918.0,8867.239506486487,9121.041974054053,0.14956510064949124
1,0,0.0,0,1,0,0,0,0,0,1,0.9000000000000001,0.9000000000000001,0,0,0,0,0,,0,0.22675501709946988,1.0,1,0,0,1,0.748554251911068,0.9878307019662096,4.0,0.01615042834645891,0.0,0.0,0.0,0.0,0.0,0.0,0.0,0.0,0.0,0.0,0.0,0,COCOA,2025-04-29 13:00:00+00:00,9011.0,8867.239506486487,9586.041974054053,0.13062065189137462
1,0,0.0,0,1,0,0,0,0,0,1,0.9000000000000001,0.9000000000000001,0,0,0,0,0,,0,0.2284968594294457,1.0,1,0,0,1,0.748554251911068,1.0231154156237199,4.0,0.016020201472064306,0.0,0.0,0.0,0.0,0.0,0.0,0.0,0.0,0.0,0.0,0.0,0,COCOA,2025-04-29 14:00:00+00:00,9015.0,8867.239506486487,9606.041974054053,0.13062065189137462
1,0,0.0,0,1,1,0,0,0,1,1,0.9000000000000001,0.9000000000000001,0,0,0,0,0,,0,0.22443663000859104,0.0,-1,1,0,1,0.8063556238440351,0.3588299200534252,4.0,0.016483724467637545,0.0,0.0,0.0,0.0,0.0,0.0,0.0,0.0,0.0,0.0,0.0,0,COCOA,2025-04-29 15:00:00+00:00,8920.0,8867.239506486487,9131.041974054053,0.16558794102757649
0,0,0.0,0,0,0,0,0,0,0,1,0.9000000000000001,0.9000000000000001,0,0,0,0,0,,0,0.3493297411729436,0.8333200879493496,2,0,1,1,0.6640120126937542,2.0000000000000075,3.9999999999999827,0.01061986917904384,47.081559251845285,0.0,0.0,0.0,0.0,0.0,0.0,0.0,0.0,0.0,0.0,0,COPPER,2025-04-29 18:00:00+00:00,4.8520002365112305,4.955055452048109,4.439779374363718,0.15665187488445825
0,0,0.0,0,0,0,0,0,0,0,1,0.9000000000000001,0.9000000000000001,0,0,0,0,0,,0,0.3429253458431207,1.0,2,0,1,1,0.6640120126937542,1.9999999999999971,4.000000000000009,0.010829363372085144,46.17076579855571,0.0,0.0,0.0,0.0,0.0,0.0,0.0,0.0,0.0,0.0,0,COPPER,2025-04-29 19:00:00+00:00,4.8470001220703125,4.951979973243193,4.4270807173787885,0.26893243095515595
1,0,0.0,0,1,0,0,0,1,0,0,0.75,0.9000000000000001,0,0,0,0,0,,0,0.22987220435559036,0.0,1,0,0,1,0.7554857041665313,1.999999999999997,4.0,0.016927016446227242,0.0,0.0,0.0,0.0,0.0,0.0,0.0,0.0,0.0,0.0,0.0,1,COCOA,2025-04-30 12:00:00+00:00,8481.0,8193.883947039094,9629.464211843624,0.48269122382864377
1,0,0.0,0,1,0,0,0,0,0,0,0.75,0.9000000000000001,0,0,0,0,0,,0,0.22391810359612177,0.0,1,0,0,1,0.7554857041665313,1.9999999999999962,4.0,0.017134671585080575,0.0,0.0,0.0,0.0,0.0,0.0,0.0,0.0,0.0,0.0,0.0,1,COCOA,2025-04-30 13:00:00+00:00,8601.0,8306.249379393445,9780.002482426222,0.48269122382864377
1,0,0.0,0,1,0,0,0,0,0,0,0.75,0.9000000000000001,0,0,0,0,0,,0,0.2227709487576525,0.0,1,1,0,1,0.798015916667975,1.999999999999998,4.0,0.01700346840107745,0.0,0.0,0.0,0.0,0.0,0.0,0.0,0.0,0.0,0.0,0.0,1,COCOA,2025-04-30 14:00:00+00:00,8712.0,8415.731566579627,9897.073733681493,0.3966185959285302
1,0,0.0,0,1,0,0,0,0,0,0,0.75,0.9000000000000001,0,0,0,0,0,,0,0.21011988129733128,0.21212121212121213,-1,0,0,1,0.7730614052515921,0.40743701345349914,4.0,0.017593054915524552,0.0,0.0,0.0,0.0,0.0,0.0,0.0,0.0,0.0,0.0,0.0,0,COCOA,2025-04-30 15:00:00+00:00,8927.0,8863.010712737176,9182.957149051297,0.12699591703243387
1,0,0.0,0,0,0,0,0,1,0,1,0.75,0.9000000000000001,0,0,0,0,0,,0,0.22653540088584154,0.0,1,1,0,1,0.7821570797498317,2.0000000000000018,4.0,0.016652102914496904,0.0,0.0,0.0,0.0,0.0,0.0,0.0,0.0,0.0,0.0,0.0,0,COCOA,2025-05-01 12:00:00+00:00,8748.0,8456.654807407962,9913.380770368152,0.27018215085511593
1,0,0.0,0,0,0,0,0,0,0,1,0.75,0.9000000000000001,0,0,0,0,0,,0,0.2264990391961608,0.0,1,1,0,1,0.7821570797498317,2.000000000000003,3.999999999999994,0.016764006705197874,0.0,0.0,0.0,0.0,0.0,0.0,0.0,0.0,0.0,0.0,0.0,1,COCOA,2025-05-01 13:00:00+00:00,8691.0,8399.60803545025,9856.567858198998,0.2647119879475415
1,0,0.0,0,0,0,0,0,0,0,1,0.75,0.9000000000000001,0,0,0,0,0,,0,0.22580117965492724,0.0,1,1,0,1,0.7821570797498317,1.999999999999995,4.000000000000012,0.01669098552481051,0.0,0.0,0.0,0.0,0.0,0.0,0.0,0.0,0.0,0.0,0.0,0,COCOA,2025-05-01 14:00:00+00:00,8756.0,8463.70746148952,9925.170154041927,0.22779236964825172
1,0,0.0,0,0,0,0,0,0,0,1,0.75,0.9000000000000001,0,0,0,0,0,,0,0.2292916055335982,0.0,-1,1,0,1,0.7976493498195835,2.0000000000000018,4.0,0.016497195751605836,0.0,0.0,0.0,0.0,0.0,0.0,0.0,0.0,0.0,0.0,0.0,1,COCOA,2025-05-01 15:00:00+00:00,8724.0,8436.156928525981,9875.372285896075,0.28580300814593806
1,0,0.0,0,0,0,0,0,1,0,0,0.75,0.75,0,0,0,0,0,,0,0.2556710454459715,0.0,0,1,0,1,0.7741011662965659,2.0000000000000027,3.999999999999993,0.014762908030311687,0.0,0.0,0.0,0.0,0.0,0.0,0.0,0.0,0.0,0.0,0.0,0,COCOA,2025-05-02 09:00:00+00:00,8743.0,8484.85579018197,9775.57683927212,0.1876585030184684
1,0,0.0,0,0,1,0,0,0,1,0,0.75,1.0,0,0,0,0,0,,0,0.22140888528183952,0.0,1,0,1,1,0.7575242615501547,0.16341872032010987,4.0,0.017569905573752202,0.0,0.0,0.0,0.0,0.0,0.0,0.0,0.0,0.0,0.0,0.0,1,COCOA,2025-05-05 14:00:00+00:00,8483.0,8458.64317365268,8580.427305389283,0.24825315443825496
1,0,0.0,0,0,0,0,0,1,0,0,0.75,0.75,0,0,0,0,0,,0,0.18924170240758015,1.0,0,0,0,1,0.6854124001832625,1.999999999999992,4.000000000000022,0.0050840594639373436,0.0,0.0,0.0,0.0,0.0,0.0,0.0,0.0,0.0,0.0,0.0,0,OIL,2025-05-13 09:00:00+00:00,62.36000061035156,61.72591670780317,64.89633622054514,0.29226314508345813
1,0,0.0,0,0,0,0,0,1,0,0,0.75,0.75,0,0,0,0,0,,0,0.19131526365775464,1.0,1,0,0,1,0.6698294162394521,1.9999999999999898,4.000000000000023,0.005000888406437486,0.0,0.0,0.0,0.0,0.0,0.0,0.0,0.0,0.0,0.0,0.0,0,OIL,2025-05-13 13:00:00+00:00,62.709999084472656,62.08278766969417,65.21884474358662,0.21176215846704274
1,0,0.0,0,0,0,1,0,0,0,0,0.55,0.55,0,0,0,0,0,,0,0.22502275967545332,1.0,0,0,0,1,0.6854124001832625,2.0000000000000124,3.9999999999999734,0.004199540688597348,0.0,0.0,0.0,0.0,0.0,0.0,0.0,0.0,0.0,0.0,0.0,0,OIL,2025-05-14 07:00:00+00:00,63.4900016784668,62.95674398773112,65.62303244140948,0.10427932780819478
1,0,0.0,0,0,0,1,0,0,0,0,0.55,0.75,0,0,0,0,0,,0,0.22126625285262674,1.0,0,0,0,1,0.6854124001832625,1.9999999999999907,4.000000000000027,0.004276900326128998,0.0,0.0,0.0,0.0,0.0,0.0,0.0,0.0,0.0,0.0,0.0,0,OIL,2025-05-14 08:00:00+00:00,63.400001525878906,62.85769055147369,65.5692454234998,0.14208180315313235
1,0,0.0,0,0,0,1,0,0,0,0,0.75,0.75,0,0,0,0,0,,0,0.1983380804307987,1.0,0,0,0,1,0.6854124001832625,2.0000000000000075,3.9999999999999765,0.004809244055609874,0.0,0.0,0.0,0.0,0.0,0.0,0.0,0.0,0.0,0.0,0.0,0,OIL,2025-05-14 09:00:00+00:00,62.900001525878906,62.294998609006534,65.32001319336838,0.13120660142557847
0,0,0.0,0,0,1,0,0,1,1,0,0.75,0.75,0,0,0,0,0,,1,0.5592461392965336,0.0,1,0,1,1,0.7881732435935849,1.500000000000001,4.0,0.003691479187512452,180.59607891651356,0.0,0.0,0.0,0.0,0.0,0.0,0.0,0.0,0.0,0.0,0,GOLD,2025-05-20 12:00:00+00:00,3245.39990234375,3263.3703916357354,3173.5179451758086,0.13201190376264565
0,0,0.0,0,0,0,0,0,0,0,1,0.75,0.75,0,0,0,0,0,,0,0.5310323981323923,0.0,2,0,1,1,0.7179485500610109,2.0000000000000018,4.0,0.0038343232628540846,130.40110750282014,0.0,0.0,0.0,0.0,0.0,0.0,0.0,0.0,0.0,0.0,0,GOLD,2025-05-20 18:00:00+00:00,3290.5,3315.7336813928428,3189.565274428629,0.10411690831393797
0,0,0.0,0,0,0,0,0,0,0,1,0.75,0.75,0,0,0,0,0,,0,0.5449677365677823,0.0,2,0,1,1,0.7179485500610109,2.000000000000015,3.999999999999963,0.003729136135484487,134.0793100155987,0.0,0.0,0.0,0.0,0.0,0.0,0.0,0.0,0.0,0.0,0,GOLD,2025-05-20 19:00:00+00:00,3296.800048828125,3321.388481215229,3198.4463192797093,0.08240699065867678
1,0,0.0,0,1,0,0,0,1,0,0,0.75,0.75,0,0,0,0,0,,0,3.532707910031219,0.324325020942071,0,1,1,1,0.8955334252371022,1.5646902719097762,4.0,0.004481164949526209,0.0,0.0,0.0,0.0,0.0,0.0,0.0,0.0,0.0,0.0,0.0,1,COPPER,2025-05-30 07:00:00+00:00,4.674499988555908,4.641724099878106,4.805603543267118,0.47077768503549694
1,0,0.0,0,1,0,0,0,0,0,0,0.75,0.75,0,0,0,0,0,,0,3.4963099333664043,0.5810812552355178,0,0,1,1,0.8629392847340498,2.4375759742773973,4.0,0.004509486322514843,0.0,0.0,0.0,0.0,0.0,0.0,0.0,0.0,0.0,0.0,0.0,1,COPPER,2025-05-30 08:00:00+00:00,4.69350004196167,4.641908077975628,4.899867897905839,0.5424190534552635
1,0,0.0,0,1,0,0,0,0,0,0,0.75,0.75,0,0,0,0,0,,0,3.474791785309052,0.41891874476448226,0,1,1,1,0.8955334252371022,1.8590928779787421,4.0,0.004549042708680988,0.0,0.0,0.0,0.0,0.0,0.0,0.0,0.0,0.0,0.0,0.0,1,COPPER,2025-05-30 09:00:00+00:00,4.68149995803833,4.641908077975628,4.83986747828914,0.4750146659927267
1,0,0.0,0,1,0,0,0,0,0,0,0.75,0.75,0,0,0,0,0,,0,3.5255991867544325,0.47297506282621304,-1,0,1,1,0.8629392847340498,2.076856907853935,4.0,0.004479658744812344,0.0,0.0,0.0,0.0,0.0,0.0,0.0,0.0,0.0,0.0,0.0,1,COPPER,2025-05-30 10:00:00+00:00,4.685500144958496,4.641908077975628,4.85986841288997,0.5424190534552635
1,0,0.0,0,1,0,0,0,1,0,0,0.75,0.75,0,0,0,0,0,,0,3.137903442717805,0.7364843095560281,1,0,1,1,0.849184916456976,2.6959612812122344,4.0,0.005012271966124929,0.0,0.0,0.0,0.0,0.0,0.0,0.0,0.0,0.0,0.0,0.0,1,COPPER,2025-05-30 12:00:00+00:00,4.704999923706055,4.64142177186883,4.959312531054952,0.5109715680813977
1,0,0.0,0,1,0,0,0,0,0,0,0.75,0.75,0,0,0,0,0,,0,2.913601534789393,0.1013531799729364,1,0,1,1,0.849184916456976,0.6527310086588719,4.0,0.0054526068330385145,0.0,0.0,0.0,0.0,0.0,0.0,0.0,0.0,0.0,0.0,0.0,1,COPPER,2025-05-30 13:00:00+00:00,4.6579999923706055,4.64142177186883,4.724312874377706,0.35099569241865924
1,0,0.0,0,1,1,0,0,0,1,0,0.75,0.75,0,0,0,0,0,,1,2.896483459507152,0.07432824279914943,1,0,1,1,0.866310175538977,1.500000000000002,4.0,0.005487187328608837,0.0,0.0,0.0,0.0,0.0,0.0,0.0,0.0,0.0,0.0,0.0,1,COPPER,2025-05-30 14:00:00+00:00,4.656000137329102,4.617677619895772,4.809290207062421,0.48423506944926403
1,0,0.0,0,1,0,0,0,0,0,0,0.75,0.75,0,0,0,0,0,,0,2.8968764644087437,0.31756556479154585,-1,1,1,1,0.8955334252371022,1.2753246780791403,4.0,0.005465314528343126,0.0,0.0,0.0,0.0,0.0,0.0,0.0,0.0,0.0,0.0,0.0,1,COPPER,2025-05-30 15:00:00+00:00,4.673999786376953,4.64142177186883,4.804311844409444,0.3896118594307449
1,0,0.0,0,1,0,0,0,0,0,0,0.75,0.75,0,0,0,0,0,,0,3.1529271501312435,0.5540563180617308,2,0,1,1,0.7891236342856877,2.127667015927686,4.0,0.00500274250438984,0.0,0.0,0.0,0.0,0.0,0.0,0.0,0.0,0.0,0.0,0.0,1,COPPER,2025-05-30 18:00:00+00:00,4.691500186920166,4.641563060363272,4.891248693147741,0.5306336520412153
1,0,0.0,0,1,0,0,0,0,0,0,0.75,0.75,0,0,0,0,0,,0,3.308707987976408,0.5675687866486243,2,0,1,1,0.7891236342856877,2.2775002843395478,4.0,0.004766187160284303,0.0,0.0,0.0,0.0,0.0,0.0,0.0,0.0,0.0,0.0,0.0,1,COPPER,2025-05-30 19:00:00+00:00,4.692500114440918,4.641563060363272,4.896248330751501,0.5284283608320083
1,0,0.0,0,0,0,0,0,1,0,0,0.9000000000000001,0.9000000000000001,0,0,0,0,0,,0,0.12237946744367492,1.0,0,0,1,1,0.7697939892269616,2.000000000000004,4.0,0.0065421782145979965,0.0,0.0,0.0,0.0,0.0,0.0,0.0,0.0,0.0,0.0,0.0,1,OIL,2025-06-02 07:00:00+00:00,62.45000076293945,61.63288269395359,65.7184730388829,0.36629946548257913
1,0,0.0,0,0,0,0,0,1,0,0,0.9000000000000001,0.9000000000000001,0,0,0,0,0,,0,0.10433949909775547,1.0,-1,0,1,1,0.7697939892269616,1.9999999999999958,4.000000000000015,0.007619615200069888,0.0,0.0,0.0,0.0,0.0,0.0,0.0,0.0,0.0,0.0,0.0,1,OIL,2025-06-02 15:00:00+00:00,62.88999938964844,61.93160419908494,66.72358015190245,0.39472935226547096
1,0,0.0,0,0,0,0,0,1,0,0,0.9000000000000001,0.9000000000000001,0,0,0,0,0,,0,0.10060062089667388,1.0,2,0,1,1,0.7604944458711521,2.0000000000000044,3.999999999999986,0.00791034898571094,0.0,0.0,0.0,0.0,0.0,0.0,0.0,0.0,0.0,0.0,0.0,1,OIL,2025-06-02 18:00:00+00:00,62.83000183105469,61.835987348541686,66.80605976110668,0.26405010529648476
1,0,0.0,0,0,0,0,0,1,0,0,0.9000000000000001,0.9000000000000001,0,0,0,0,0,,0,0.13819709246170056,1.0,1,0,1,1,0.7475117539715418,1.9999999999999998,4.0,0.005734610730801372,0.0,0.0,0.0,0.0,0.0,0.0,0.0,0.0,0.0,0.0,0.0,0,OIL,2025-06-03 13:00:00+00:00,63.09000015258789,62.36640696882531,65.98437288763822,0.2697947385553145
1,0,0.0,0,0,1,0,0,0,1,0,0.75,0.75,0,0,0,0,0,,0,0.10661433188163826,1.0,0,0,1,1,0.7526817574978176,0.15000000000000138,4.0,0.00446402897195635,0.0,0.0,0.0,0.0,0.0,0.0,0.0,0.0,0.0,0.0,0.0,0,OIL,2025-06-05 07:00:00+00:00,63.040000915527344,62.99778905695548,63.20884834981479,0.3869052642992818
1,0,0.0,0,0,1,0,0,1,1,0,0.75,0.75,0,0,0,0,0,,0,0.10638252587077826,1.0,0,0,1,1,0.7526817574978176,0.2563689998026445,4.0,0.004471628118601588,0.0,0.0,0.0,0.0,0.0,0.0,0.0,0.0,0.0,0.0,0.0,0,OIL,2025-06-05 08:00:00+00:00,63.06999969482422,62.99769707791601,63.35921016245706,0.3714524333353024
1,0,0.0,0,0,0,0,0,1,0,0,0.75,0.75,0,0,0,0,0,,0,0.1067075144564703,1.0,0,0,1,1,0.7526817574978176,2.0000000000000124,3.9999999999999747,0.0044608385201843894,0.0,0.0,0.0,0.0,0.0,0.0,0.0,0.0,0.0,0.0,0.0,1,OIL,2025-06-05 09:00:00+00:00,63.029998779296875,62.467665486333146,65.27933195115178,0.2850576824710534
0,0,0.0,0,0,1,0,0,0,1,0,0.75,0.75,0,0,0,0,0,,0,2.089810301932165,1.0,-1,1,1,1,0.781111353173867,0.6197175899542009,4.0,0.003082986136303673,523.4010685749583,0.0,0.0,0.0,0.0,0.0,0.0,0.0,0.0,0.0,0.0,1,GOLD,2025-06-06 10:00:00+00:00,3383.60009765625,3390.0647388287807,3357.741532966127,0.42076831251874647
1,0,0.0,0,0,0,1,0,0,0,0,0.75,0.75,0,0,0,0,0,,0,0.516393094051838,1.0,0,0,1,1,0.7933696795406052,1.9999999999999913,4.00000000000002,0.005202570967712865,0.0,0.0,0.0,0.0,0.0,0.0,0.0,0.0,0.0,0.0,0.0,0,OIL,2025-07-04 07:00:00+00:00,67.0,66.30285549032648,69.7885780386941,0.11630669599569086
0,0,0.0,0,0,0,1,0,0,0,0,0.55,0.75,0,0,0,0,0,,0,0.2192876096042494,1.0,0,0,1,1,0.77533226589813,1.999999999999986,4.000000000000025,0.0041664880508542265,120.00514435592632,0.0,0.0,0.0,0.0,0.0,0.0,0.0,0.0,0.0,0.0,0,WHEAT,2025-07-09 07:00:00+00:00,547.25,551.8102211716599,529.0091153133602,0.1269219812972237
0,0,0.0,0,0,0,1,0,0,0,0,0.55,0.75,0,0,0,0,0,,0,0.2112159430484382,1.0,0,0,1,1,0.8170390268271616,1.9999999999999771,4.000000000000048,0.0043021272948386684,116.22157266240444,0.0,0.0,0.0,0.0,0.0,0.0,0.0,0.0,0.0,0.0,0,WHEAT,2025-07-09 08:00:00+00:00,550.25,554.9844910879699,531.3120356481202,0.1343199653039639
0,0,0.0,0,0,0,1,0,0,0,0,0.55,0.75,0,0,0,0,0,,0,0.21358268678793846,1.0,0,0,1,1,0.8170390268271616,1.9999999999999851,4.000000000000024,0.004256388580753858,117.47047773336702,0.0,0.0,0.0,0.0,0.0,0.0,0.0,0.0,0.0,0.0,0,WHEAT,2025-07-09 09:00:00+00:00,550.0,554.6820274388292,531.271890244683,0.12493291460858338
0,0,0.0,0,0,0,1,0,0,0,0,0.55,0.75,0,0,0,0,0,,0,0.21582836945378042,1.0,-1,0,1,1,0.8170390268271616,1.9999999999999862,4.000000000000025,0.004215933751773052,118.59768901485316,0.0,0.0,0.0,0.0,0.0,0.0,0.0,0.0,0.0,0.0,0,WHEAT,2025-07-09 10:00:00+00:00,549.5,554.1333111931986,530.9667552272057,0.12493291460858338
0,0,0.0,0,0,0,1,0,0,0,0,0.55,0.75,0,0,0,0,0,,0,0.20939508937359633,1.0,1,0,1,1,0.7629742637641241,2.000000000000017,3.999999999999976,0.0043693148965147435,114.43441634266944,0.0,0.0,0.0,0.0,0.0,0.0,0.0,0.0,0.0,0.0,0,WHEAT,2025-07-09 12:00:00+00:00,546.5,551.2756611818907,527.3973552724375,0.14153519479288137
0,0,0.0,0,0,0,1,0,0,0,0,0.75,0.75,0,0,0,0,0,,0,0.19834637110347353,1.0,1,1,1,1,0.7931622083806378,1.9999999999999953,4.0,0.00463603253626128,107.85083928751398,0.0,0.0,0.0,0.0,0.0,0.0,0.0,0.0,0.0,0.0,0,WHEAT,2025-07-09 13:00:00+00:00,543.75,548.7916853831841,523.5832584672635,0.151080182214851
0,0,0.0,0,0,0,1,0,0,0,0,0.75,0.75,0,0,0,0,0,,0,0.18290633201344444,1.0,1,0,1,1,0.7629742637641241,2.0000000000000138,3.999999999999979,0.004999798156730933,100.00403702835004,0.0,0.0,0.0,0.0,0.0,0.0,0.0,0.0,0.0,0.0,0,WHEAT,2025-07-09 14:00:00+00:00,546.75,552.2172792843853,524.8808828624589,0.12531752071100638
0,0,0.0,0,0,0,1,0,1,0,0,0.75,0.75,0,0,0,0,0,,0,0.1840298121953356,1.0,-1,0,1,1,0.77533226589813,2.000000000000001,4.0,0.004957939956791487,100.84833708304384,0.0,0.0,0.0,0.0,0.0,0.0,0.0,0.0,0.0,0.0,0,WHEAT,2025-07-09 15:00:00+00:00,548.0,553.4339021926435,526.2643912294261,0.18987405888930883
0,0,0.0,0,0,0,1,0,0,0,0,0.75,0.75,0,0,0,0,0,,0,0.18603032756661222,1.0,2,0,1,1,0.7090105019764525,1.9999999999999951,4.0,0.004909102838650939,101.85160434272044,0.0,0.0,0.0,0.0,0.0,0.0,0.0,0.0,0.0,0.0,0,WHEAT,2025-07-09 18:00:00+00:00,547.5,552.8754676083228,525.9981295667089,0.19822895478685376
1,0,0.0,0,0,1,0,0,0,1,0,0.75,0.55,0,0,0,0,0,,0,0.6812558949851198,1.0,-1,1,1,1,0.9219892370164137,0.2635378366075549,4.0,0.0038775806792787477,0.0,0.0,0.0,0.0,0.0,0.0,0.0,0.0,0.0,0.0,0.0,0,OIL,2025-07-10 10:00:00+00:00,68.13999938964844,68.07036785858365,68.41852551390758,0.15164677132647253
0,0,0.0,0,0,0,1,0,0,0,0,0.55,0.75,0,0,0,0,0,,0,0.2074606127465706,1.0,0,0,0,1,0.7404720630522144,1.9999999999999856,4.000000000000024,0.004346431080324459,115.03690976797422,0.0,0.0,0.0,0.0,0.0,0.0,0.0,0.0,0.0,0.0,1,WHEAT,2025-07-11 07:00:00+00:00,554.5,559.3201920680798,535.2192317276807,0.3004160119931991
0,0,0.0,0,0,0,1,0,0,0,0,0.55,0.75,0,0,0,0,0,,0,0.20539153698568696,1.0,0,0,0,1,0.6854124001832625,1.9999999999999902,4.000000000000023,0.004402124572787247,113.58151995308545,0.0,0.0,0.0,0.0,0.0,0.0,0.0,0.0,0.0,0.0,1,WHEAT,2025-07-11 08:00:00+00:00,553.0,557.8687497775027,533.5250008899892,0.43274315201472835
0,0,0.0,0,0,0,1,0,0,0,0,0.55,0.75,0,0,0,0,0,,0,0.20350686782791289,1.0,0,0,0,1,0.6854124001832625,1.999999999999984,4.000000000000023,0.004456996897151607,112.18316089013787,0.0,0.0,0.0,0.0,0.0,0.0,0.0,0.0,0.0,0.0,1,WHEAT,2025-07-11 09:00:00+00:00,551.25,556.1638390791096,531.5946436835615,0.43690072066537033
0,0,0.0,0,0,0,1,0,1,0,0,0.55,0.75,0,0,0,0,0,,0,0.20624659647649135,1.0,-1,0,0,1,0.6854124001832625,2.000000000000015,3.9999999999999765,0.004391815995627938,113.84812125502236,0.0,0.0,0.0,0.0,0.0,0.0,0.0,0.0,0.0,0.0,1,WHEAT,2025-07-11 10:00:00+00:00,552.0,556.8485648591733,532.605740563307,0.3575267492293433
0,0,0.0,0,0,0,1,0,0,0,0,0.75,0.75,0,0,0,0,0,,0,0.19854855513401018,1.0,1,0,1,1,0.7575242615501547,1.999999999999993,4.000000000000022,0.00458493526011604,109.05279390735548,0.0,0.0,0.0,0.0,0.0,0.0,0.0,0.0,0.0,0.0,0,WHEAT,2025-07-11 13:00:00+00:00,549.25,554.2865513832375,529.1037944670501,0.26584308784202954
0,0,0.0,0,0,0,1,0,0,0,0,0.75,0.75,0,0,0,0,0,,0,0.19184608116882335,1.0,1,0,1,1,0.7575242615501547,2.000000000000003,4.0,0.004721478259710604,105.89903680519032,0.0,0.0,0.0,0.0,0.0,0.0,0.0,0.0,0.0,0.0,1,WHEAT,2025-07-11 14:00:00+00:00,552.0,557.2125119987205,531.1499520051179,0.29005479258562206
0,0,0.0,0,0,0,1,0,0,0,0,0.75,0.75,0,0,0,0,0,,0,0.17774921154203552,1.0,-1,0,1,1,0.7697939892269616,1.9999999999999822,4.000000000000041,0.005068381980911621,98.65081240583059,0.0,0.0,0.0,0.0,0.0,0.0,0.0,0.0,0.0,0.0,1,WHEAT,2025-07-11 15:00:00+00:00,555.0,560.6259039988119,532.4963840047524,0.2376492282547515
0,0,0.0,0,0,0,0,0,1,0,0,0.75,0.75,0,0,0,0,0,,0,0.21208763376160716,1.0,1,0,1,1,0.7788741152776656,2.0000000000000155,3.999999999999976,0.004392205025008453,113.83803742154177,0.0,0.0,0.0,0.0,0.0,0.0,0.0,0.0,0.0,0.0,0,WHEAT,2025-07-16 13:00:00+00:00,536.75,541.4650320943466,517.8898716226137,0.1564832890205559
0,0,0.0,0,0,1,0,0,0,1,0,0.75,0.75,0,0,0,0,0,,0,0.20350192737265768,1.0,1,1,1,1,0.8096911556051324,0.4552528910589982,4.0,0.004566875811637379,480.98118244481975,0.0,0.0,0.0,0.0,0.0,0.0,0.0,0.0,0.0,0.0,0,WHEAT,2025-07-16 14:00:00+00:00,538.0,539.1185468779992,533.5258124880033,0.11808492252925332
0,0,0.0,0,0,1,0,0,1,1,0,0.75,0.9000000000000001,0,0,0,0,0,,0,0.47653484696973814,0.7142779291553134,1,0,1,1,0.7032232307203928,0.1500000000000005,4.0,0.004401951868738473,1514.4796820727622,0.0,0.0,0.0,0.0,0.0,0.0,0.0,0.0,0.0,0.0,0,OIL,2025-07-17 12:00:00+00:00,66.73999786376953,66.78406580251693,66.56372610877992,0.4465761301484871
0,0,0.0,0,0,0,0,0,1,0,0,0.9000000000000001,0.9000000000000001,0,0,0,0,0,,0,0.028755953264156923,1.0,-1,0,1,1,0.7772911733292515,1.9999999999999796,4.000000000000041,0.005205452968779242,96.05312025655718,0.0,0.0,0.0,0.0,0.0,0.0,0.0,0.0,0.0,0.0,0,OIL,2025-07-21 15:00:00+00:00,66.81999969482422,67.51565642639471,64.03737276854221,0.174173922162833
1,0,0.0,0,0,0,0,0,0,0,1,0.75,0.9000000000000001,0,0,0,0,0,,0,0.10639945183660204,1.0,0,1,0,1,0.7066431056975923,2.0000000000000018,4.0,0.011168046619821655,0.0,0.0,0.0,0.0,0.0,0.0,0.0,0.0,0.0,0.0,0.0,0,COFFEE,2025-07-23 08:00:00+00:00,294.54998779296875,287.9708918018892,320.86637175728697,0.16868642502990266
1,0,0.0,0,0,0,0,0,0,0,1,0.75,0.9000000000000001,0,0,0,0,0,,0,0.1069557391734104,1.0,0,0,0,1,0.6712503568920791,2.000000000000008,3.9999999999999827,0.011038753913225103,0.0,0.0,0.0,0.0,0.0,0.0,0.0,0.0,0.0,0.0,0.0,0,COFFEE,2025-07-23 09:00:00+00:00,296.45001220703125,289.90513474237923,322.6295220656392,0.14514127409449115
1,0,0.0,0,0,0,0,0,0,0,1,0.75,0.9000000000000001,0,0,0,0,0,,0,0.10976473550223187,1.0,-1,0,0,1,0.6712503568920791,1.9999999999999922,4.000000000000018,0.010736341900854636,0.0,0.0,0.0,0.0,0.0,0.0,0.0,0.0,0.0,0.0,0.0,0,COFFEE,2025-07-23 10:00:00+00:00,297.0,290.62261291089237,322.5095483564306,0.13540800813416778
1,0,0.0,0,0,0,0,0,1,0,0,0.75,0.9000000000000001,0,0,0,0,0,,0,0.10982537145448375,1.0,1,0,0,1,0.601741851939888,2.000000000000003,3.999999999999991,0.010752135940794638,0.0,0.0,0.0,0.0,0.0,0.0,0.0,0.0,0.0,0.0,0.0,0,COFFEE,2025-07-23 12:00:00+00:00,296.3999938964844,290.02612784203296,321.89545811428997,0.3435676801292823
1,0,0.0,0,0,0,0,0,1,0,0,0.75,0.9000000000000001,0,0,0,0,0,,0,0.11091152336751615,1.0,1,0,0,1,0.601741851939888,2.0000000000000067,3.999999999999982,0.010655828432615307,0.0,0.0,0.0,0.0,0.0,0.0,0.0,0.0,0.0,0.0,0.0,0,COFFEE,2025-07-23 13:00:00+00:00,296.1499938964844,289.83854684592234,321.3957820987324,0.25665476626674444
0,0,0.0,0,0,0,0,0,1,0,0,0.55,0.55,0,0,0,0,0,,0,1.6832866108229532,1.0,1,0,1,1,0.7145508777419733,1.999999999999994,4.000000000000008,0.01040799074944179,48.04001195204924,0.0,0.0,0.0,0.0,0.0,0.0,0.0,0.0,0.0,0.0,0,PLATINUM,2025-08-01 13:00:00+00:00,1301.4000244140625,1328.4899432449122,1193.0403490906635,0.12895718761605648
0,0,0.0,0,0,0,1,0,0,0,0,0.55,0.55,0,0,0,0,0,,0,1.7619609488644454,1.0,2,0,1,1,0.6640120126937542,2.0000000000000018,4.0,0.009780918816012167,51.11994173609319,0.0,0.0,0.0,0.0,0.0,0.0,0.0,0.0,0.0,0.0,0,PLATINUM,2025-08-01 18:00:00+00:00,1323.0,1348.8803111871682,1219.4787552513271,0.12064911230876557
0,0,0.0,0,0,0,1,0,0,0,0,0.55,0.55,0,0,0,0,0,,0,1.7980913601885087,1.0,2,0,1,1,0.6640120126937542,1.9999999999999978,4.0,0.009526060762333172,52.487592980410305,0.0,0.0,0.0,0.0,0.0,0.0,0.0,0.0,0.0,0.0,0,PLATINUM,2025-08-01 19:00:00+00:00,1331.0999755859375,1356.4602540822812,1229.658861600563,0.11913904343718948
0,0,0.0,0,0,1,0,0,0,0,1,0.75,0.75,0,0,0,0,0,,0,0.40035834575507784,1.0,0,0,1,1,0.713548437666995,0.1500000000000006,4.0,0.009171709952267015,726.8728188486605,0.0,0.0,0.0,0.0,0.0,0.0,0.0,0.0,0.0,0.0,0,PALLADIUM,2025-08-04 07:00:00+00:00,1225.5,1227.1859895819755,1218.756041672098,0.14794234399065934
0,0,0.0,0,0,0,0,0,1,0,0,0.9000000000000001,0.9000000000000001,0,0,0,0,0,,0,0.31968850480774125,1.0,1,0,1,1,0.7474714850626684,2.000000000000003,3.999999999999992,0.01159012111279529,43.140187676555676,0.0,0.0,0.0,0.0,0.0,0.0,0.0,0.0,0.0,0.0,1,PALLADIUM,2025-08-04 14:00:00+00:00,1214.5,1242.6524041829798,1101.890383268081,0.3134524323276502
0,0,0.0,0,0,0,0,0,1,0,0,0.9000000000000001,0.9000000000000001,0,0,0,0,0,,0,0.34764463724358813,1.0,2,0,1,1,0.6583120575651981,1.9999999999999916,4.000000000000018,0.010653705844766383,46.932026027884596,0.0,0.0,0.0,0.0,0.0,0.0,0.0,0.0,0.0,0.0,1,PALLADIUM,2025-08-04 18:00:00+00:00,1215.0,1240.8885052027822,1111.4459791888708,0.26832356379738725
0,0,0.0,0,0,0,0,0,1,0,0,0.9000000000000001,0.9000000000000001,0,0,0,0,0,,0,0.365693781509164,1.0,2,0,1,1,0.6583120575651981,1.999999999999997,4.000000000000009,0.010123716508085152,49.38897682493217,0.0,0.0,0.0,0.0,0.0,0.0,0.0,0.0,0.0,0.0,1,PALLADIUM,2025-08-04 19:00:00+00:00,1215.5,1240.110754831155,1117.05698067538,0.3092545448664021
0,0,0.0,0,0,0,0,0,1,0,0,0.75,0.75,0,0,0,0,0,,0,0.4686296066345925,1.0,0,0,1,1,0.713548437666995,2.0000000000000098,3.9999999999999765,0.007922826971586909,63.108787026791475,0.0,0.0,0.0,0.0,0.0,0.0,0.0,0.0,0.0,0.0,1,PALLADIUM,2025-08-05 07:00:00+00:00,1212.0,1231.2049325791268,1135.1802696834934,0.16211963439480445
0,0,0.0,0,0,0,1,0,0,0,0,0.9000000000000001,0.9000000000000001,0,0,0,0,0,,0,0.421585806848605,0.0,2,0,1,1,0.6696157545291866,2.0000000000000075,3.999999999999988,0.007017740715164198,71.24800135741398,0.0,0.0,0.0,0.0,0.0,0.0,0.0,0.0,0.0,0.0,0,PLATINUM,2025-08-06 18:00:00+00:00,1352.0,1370.975970893804,1276.096116424784,0.08174322468823575
0,0,0.0,0,0,0,1,0,1,0,0,0.9000000000000001,0.9000000000000001,0,0,0,0,0,,0,0.415295293597271,0.0,2,0,1,1,0.6696157545291866,2.0,4.0,0.007106692558929247,70.35621646130899,0.0,0.0,0.0,0.0,0.0,0.0,0.0,0.0,0.0,0.0,0,PLATINUM,2025-08-06 19:00:00+00:00,1355.300048828125,1374.5634503723716,1278.2464426511388,0.08518118244806111
0,0,0.0,0,0,0,1,0,1,0,0,0.9000000000000001,0.9000000000000001,0,0,0,0,0,,0,0.4467555477333199,0.0,0,0,0,1,0.651986036059097,1.9999999999999893,4.000000000000026,0.006563626140374507,76.17740396948838,0.0,0.0,0.0,0.0,0.0,0.0,0.0,0.0,0.0,0.0,0,PLATINUM,2025-08-07 07:00:00+00:00,1364.0999755859375,1382.0068601016176,1292.4724375232167,0.09552480744248389
0,0,0.0,0,0,0,0,0,1,0,0,0.75,0.75,0,0,0,0,0,,0,0.5468934799388455,0.0,0,0,1,1,0.7261245594392123,2.000000000000007,3.9999999999999845,0.0053720444797007855,93.07443411709194,0.0,0.0,0.0,0.0,0.0,0.0,0.0,0.0,0.0,0.0,0,PLATINUM,2025-08-13 07:00:00+00:00,1361.5,1376.1280771182253,1302.987691527099,0.1794340435200864
0,0,0.0,0,0,0,1,0,0,0,0,0.75,0.75,0,0,0,0,0,,0,0.24830850547165528,1.0,0,0,1,1,0.7877025598023053,1.9999999999999836,4.000000000000029,0.003141659768123821,159.15154310251773,0.0,0.0,0.0,0.0,0.0,0.0,0.0,0.0,0.0,0.0,0,SILVER,2025-08-13 07:00:00+00:00,38.45500183105469,38.69662689532619,37.48850157396867,0.1534951334424908
0,0,0.0,0,0,0,0,0,1,0,0,0.75,0.75,0,0,0,0,0,,0,0.4921898022460399,0.0,1,0,1,1,0.7145508777419733,2.000000000000006,3.999999999999986,0.006032472095534353,82.88475969414472,0.0,0.0,0.0,0.0,0.0,0.0,0.0,0.0,0.0,0.0,0,PLATINUM,2025-08-13 13:00:00+00:00,1347.199951171875,1363.4538433969742,1282.1843822714784,0.14058335278832573
0,0,0.0,0,0,0,0,0,1,0,0,0.75,0.75,0,0,0,0,0,,0,0.4850570035416236,0.0,1,0,1,1,0.7145508777419733,2.0000000000000058,3.9999999999999862,0.00613073645011715,81.556270452703,0.0,0.0,0.0,0.0,0.0,0.0,0.0,0.0,0.0,0.0,0,PLATINUM,2025-08-13 14:00:00+00:00,1345.0999755859375,1361.5928824846903,1279.1283479909264,0.14583254437106385
0,0,0.0,0,0,0,0,0,1,0,0,0.75,0.75,0,0,0,0,0,,0,0.5400398204202019,0.0,2,0,1,1,0.6640120126937542,2.0000000000000115,3.9999999999999694,0.005506141453364414,90.80769250751493,0.0,0.0,0.0,0.0,0.0,0.0,0.0,0.0,0.0,0.0,0,PLATINUM,2025-08-13 18:00:00+00:00,1345.199951171875,1360.0136736002976,1285.9450614581851,0.2053539544280946
0,0,0.0,0,0,0,0,0,1,0,0,0.75,0.75,0,0,0,0,0,,0,0.6550536777221221,0.0,0,0,1,1,0.7049116019026147,2.000000000000004,4.0,0.004530956465710882,110.35197618513243,0.0,0.0,0.0,0.0,0.0,0.0,0.0,0.0,0.0,0.0,0,PLATINUM,2025-08-14 07:00:00+00:00,1347.699951171875,1359.912690787076,1298.8489927110713,0.39041367104680075
0,0,0.0,0,0,1,0,0,1,1,0,0.75,0.75,0,0,0,0,0,,1,0.5332481016866304,0.0,1,0,1,1,0.7681733655086684,1.4999999999999953,4.0,0.005509106122286074,121.01176703962763,0.0,0.0,0.0,0.0,0.0,0.0,0.0,0.0,0.0,0.0,0,PLATINUM,2025-08-14 12:00:00+00:00,1361.5999755859375,1372.851773728345,1316.5927830163073,0.19202737984371976
0,0,0.0,0,0,0,0,0,1,0,0,0.75,0.75,0,0,0,0,0,,0,0.22225422787358526,1.0,1,0,1,1,0.7905662766822714,2.0000000000000147,3.9999999999999774,0.004143031825006928,120.68456654907791,0.0,0.0,0.0,0.0,0.0,0.0,0.0,0.0,0.0,0.0,0,SILVER,2025-08-14 14:00:00+00:00,38.0099983215332,38.32495158696235,36.750185259816625,0.08715238778202135
0,0,0.0,0,0,1,0,0,1,1,0,0.75,0.75,0,0,0,0,0,,1,0.5219274784399202,0.0,-1,0,1,1,0.7799030122668315,1.5000000000000064,4.0,0.005622404910427486,118.57322218651366,0.0,0.0,0.0,0.0,0.0,0.0,0.0,0.0,0.0,0.0,0,PLATINUM,2025-08-14 15:00:00+00:00,1363.0999755859375,1374.5958255801445,1317.1165756091095,0.21054451549673342
0,0,0.0,0,0,1,0,0,0,1,0,0.75,0.75,0,0,0,0,0,,1,0.558725753169756,0.0,2,0,1,1,0.6607355843192719,1.4999999999999978,4.0,0.005247872463617462,127.03560753210857,0.0,0.0,0.0,0.0,0.0,0.0,0.0,0.0,0.0,0.0,0,PLATINUM,2025-08-14 18:00:00+00:00,1364.199951171875,1374.9386722098097,1321.245067020136,0.30496934130068354
0,0,0.0,0,0,1,0,0,0,1,0,0.75,0.75,0,0,0,0,0,,0,0.5865782102045339,0.0,2,0,0,1,0.5482959194073806,0.5166113813778401,4.0,0.004996856634738334,387.3817359044689,0.0,0.0,0.0,0.0,0.0,0.0,0.0,0.0,0.0,0.0,0,PLATINUM,2025-08-14 19:00:00+00:00,1364.699951171875,1368.222832672691,1350.6084251686107,0.29875425667881433
0,0,0.0,0,0,1,0,0,0,1,0,0.75,0.75,0,0,0,0,0,,0,0.28722983630439725,1.0,0,1,1,1,0.8233361015859033,0.23205225078514166,4.0,0.003199923822867723,1346.711519896105,0.0,0.0,0.0,0.0,0.0,0.0,0.0,0.0,0.0,0.0,1,SILVER,2025-08-15 07:00:00+00:00,38.08000183105469,38.108278118342994,37.96689668190146,0.2608467269926674
0,0,0.0,0,1,0,0,0,0,0,0,0.75,0.75,0,0,0,0,0,,0,0.08846248158753917,1.0,0,0,1,1,0.8006180120367974,0.6670091683112641,4.0,0.0029688284792498496,504.9903615137692,0.0,0.0,0.0,0.0,0.0,0.0,0.0,0.0,0.0,0.0,0,SILVER,2025-08-19 08:00:00+00:00,38.06999969482422,38.14538727168946,37.76844938736326,0.12286478455839046
0,0,0.0,0,1,0,0,0,0,0,0,0.75,0.75,0,0,0,0,0,,0,0.09064052987116875,0.0,0,0,1,1,0.8006180120367974,0.36613797483589355,4.0,0.0028948275861414205,943.4796176511323,0.0,0.0,0.0,0.0,0.0,0.0,0.0,0.0,0.0,0.0,0,SILVER,2025-08-19 09:00:00+00:00,38.10499954223633,38.14538727168946,37.94344862442381,0.15674926596957253
0,0,0.0,0,1,0,0,0,0,0,0,0.75,0.75,0,0,0,0,0,,0,0.09400727018472374,0.0,-1,0,1,1,0.8006180120367974,0.3327161886402273,4.0,0.002790787066219513,1076.959486130998,0.0,0.0,0.0,0.0,0.0,0.0,0.0,0.0,0.0,0.0,0,SILVER,2025-08-19 10:00:00+00:00,38.11000061035156,38.14538727168946,37.96845396499998,0.15674926596957253
0,0,0.0,0,0,0,0,0,1,0,0,0.75,0.75,0,0,0,0,0,,0,0.4271517244346845,0.33330507756209204,1,0,1,1,0.6936760330197602,1.999999999999973,4.0000000000000675,0.0027666392433952137,180.72468291399204,0.0,0.0,0.0,0.0,0.0,0.0,0.0,0.0,0.0,0.0,1,SILVER,2025-08-19 12:00:00+00:00,38.08000183105469,38.2907090859634,37.237172811419825,0.2125550199088391
0,0,0.0,0,0,0,0,0,1,0,0,0.75,0.75,0,0,0,0,0,,0,0.3943779744504075,0.0,1,0,1,1,0.7145508777419733,2.0000000000000027,4.0,0.004027578815116619,124.14406345652651,0.0,0.0,0.0,0.0,0.0,0.0,0.0,0.0,0.0,0.0,0,SILVER,2025-08-20 14:00:00+00:00,37.775001525878906,38.07928511765216,36.55786715878588,0.09826646710445362
0,0,0.0,0,0,0,0,0,1,0,0,0.75,0.75,0,0,0,0,0,,0,0.41019707522130044,0.0,-1,0,1,1,0.7261245594392123,2.000000000000002,4.0,0.003873282280356481,129.089481170988,0.0,0.0,0.0,0.0,0.0,0.0,0.0,0.0,0.0,0.0,0,SILVER,2025-08-20 15:00:00+00:00,37.76499938964844,38.057548395555635,36.59480336601965,0.11763877015116202
1,0,0.0,0,0,0,0,0,1,0,1,0.9000000000000001,0.9000000000000001,0,0,0,0,0,,0,0.1294156293707681,0.0,0,0,1,1,0.8420833584625704,2.000000000000003,4.0,0.006917674102192452,0.0,0.0,0.0,0.0,0.0,0.0,0.0,0.0,0.0,0.0,0.0,0,PALLADIUM,2025-08-28 08:00:00+00:00,1117.0,1101.545916055702,1178.8163357771919,0.44756412882618546
1,0,0.0,0,0,0,0,0,1,0,1,0.9000000000000001,0.9000000000000001,0,0,0,0,0,,0,0.11622930968509428,0.0,0,0,1,1,0.8420833584625704,1.9999999999999951,4.000000000000013,0.00770593983992941,0.0,0.0,0.0,0.0,0.0,0.0,0.0,0.0,0.0,0.0,0.0,1,PALLADIUM,2025-08-28 09:00:00+00:00,1116.5,1099.2926363374377,1185.3294546502495,0.44846444611984565
1,0,0.0,0,0,0,0,0,1,0,1,0.9000000000000001,0.9000000000000001,0,0,0,0,0,,0,0.10699448651822703,0.0,-1,0,1,1,0.8420833584625704,1.9999999999999958,4.000000000000012,0.008374799270779276,0.0,0.0,0.0,0.0,0.0,0.0,0.0,0.0,0.0,0.0,0.0,1,PALLADIUM,2025-08-28 10:00:00+00:00,1116.0,1097.3074480276207,1190.7702078895175,0.466207263396551
1,0,0.0,0,0,0,0,0,1,0,0,0.9000000000000001,0.9000000000000001,0,0,0,0,0,,0,0.09122556060155569,1.0,1,0,1,1,0.8286614122872276,2.000000000000004,3.99999999999999,0.009756866941255255,0.0,0.0,0.0,0.0,0.0,0.0,0.0,0.0,0.0,0.0,0.0,1,PALLADIUM,2025-08-28 12:00:00+00:00,1123.5,1101.5763199829994,1211.1947200680022,0.35413206449387336
1,0,0.0,0,0,0,0,0,0,0,1,0.9000000000000001,0.9000000000000001,0,0,0,0,0,,0,0.09386744079519733,1.0,1,0,1,1,0.8286614122872276,1.9999999999999893,4.000000000000021,0.009469618872728108,0.0,0.0,0.0,0.0,0.0,0.0,0.0,0.0,0.0,0.0,0.0,1,PALLADIUM,2025-08-28 14:00:00+00:00,1125.0,1103.6933575363619,1210.226569854553,0.2706086142619722
1,0,0.0,0,0,0,0,0,1,0,0,0.75,0.75,0,0,0,0,0,,0,0.1730032181400144,1.0,1,1,1,1,0.8116144197323325,2.000000000000008,3.9999999999999867,0.007539442561301525,0.0,0.0,0.0,0.0,0.0,0.0,0.0,0.0,0.0,0.0,0.0,0,PALLADIUM,2025-09-05 12:00:00+00:00,1150.0,1132.6592821090064,1219.362871563974,0.11549423731485332
1,0,0.0,0,0,0,0,0,1,0,0,0.75,0.75,0,0,0,0,0,,0,0.16507530626922776,1.0,1,0,1,1,0.7807241795091302,2.000000000000005,3.9999999999999876,0.007894667139844718,0.0,0.0,0.0,0.0,0.0,0.0,0.0,0.0,0.0,0.0,0.0,0,PALLADIUM,2025-09-05 13:00:00+00:00,1151.0,1132.8264762440774,1223.6940950236901,0.18598765464225736
1,0,0.0,0,1,0,0,0,0,0,0,0.9000000000000001,0.75,0,0,0,0,0,,0,0.1540237973035006,1.0,2,1,1,1,0.8390167065610475,0.4947607349353311,4.0,0.008618367106629013,0.0,0.0,0.0,0.0,0.0,0.0,0.0,0.0,0.0,0.0,0.0,0,PALLADIUM,2025-09-05 18:00:00+00:00,1130.0,1125.1816465027114,1149.2734139891545,0.07794143995470647
1,0,0.0,0,1,0,0,0,0,0,0,0.9000000000000001,0.75,0,0,0,0,0,,0,0.15836648703492828,0.0,2,1,1,1,0.8390167065610475,0.3503439907371121,4.0,0.008393177593289461,0.0,0.0,0.0,0.0,0.0,0.0,0.0,0.0,0.0,0.0,0.0,0,PALLADIUM,2025-09-05 19:00:00+00:00,1128.5,1125.1816465027114,1141.7734139891545,0.09960523637054516
1,0,0.0,0,0,0,0,0,1,0,0,0.75,0.75,0,0,0,0,0,,0,0.06465551315826362,1.0,0,0,1,1,0.7989569740454013,1.999999999999997,4.0,0.00677467593296593,0.0,0.0,0.0,0.0,0.0,0.0,0.0,0.0,0.0,0.0,0.0,1,PALLADIUM,2025-09-08 08:00:00+00:00,1141.5,1126.0334148450388,1203.3663406198448,0.3561720403687729
1,0,0.0,0,0,0,1,0,0,0,0,1.0,1.0,0,0,0,0,0,,0,0.6817000739594639,1.0,0,0,1,1,0.7455289548603523,1.9999999999999976,4.0,0.007446202593236625,0.0,0.0,0.0,0.0,0.0,0.0,0.0,0.0,0.0,0.0,0.0,0,NATGAS,2025-09-08 08:00:00+00:00,3.1519999504089355,3.105059089999702,3.339763392045869,0.0851142160881359
1,0,0.0,0,0,0,1,0,0,0,0,1.0,1.0,0,0,0,0,0,,0,0.6975590677956377,1.0,0,0,1,1,0.7455289548603523,1.9999999999999964,4.00000000000001,0.007293109857651934,0.0,0.0,0.0,0.0,0.0,0.0,0.0,0.0,0.0,0.0,0.0,0,NATGAS,2025-09-08 09:00:00+00:00,3.1449999809265137,3.099126320200093,3.328494623832196,0.0851142160881359
1,0,0.0,0,0,0,1,0,0,0,0,1.0,1.0,0,0,0,0,0,,0,0.6995999352258288,1.0,-1,0,1,1,0.7455289548603523,2.000000000000002,4.0,0.007297357614138369,0.0,0.0,0.0,0.0,0.0,0.0,0.0,0.0,0.0,0.0,0.0,0,NATGAS,2025-09-08 10:00:00+00:00,3.134000062942505,3.0882602244984576,3.316959416718694,0.08460000439435837
1,0,0.0,0,0,0,0,0,1,0,0,0.75,0.75,0,0,0,0,0,,0,0.06325067173027374,1.0,1,0,1,1,0.786222418262669,1.9999999999999976,4.0,0.006873960335942989,0.0,0.0,0.0,0.0,0.0,0.0,0.0,0.0,0.0,0.0,0.0,1,PALLADIUM,2025-09-08 12:00:00+00:00,1150.0,1134.1898912273311,1213.2404350906754,0.303510514251574
1,0,0.0,0,0,0,1,0,0,0,0,1.0,1.0,0,0,0,0,0,,0,0.570380129347351,1.0,1,0,1,1,0.7336459869763123,2.0000000000000075,3.999999999999984,0.008933473250191422,0.0,0.0,0.0,0.0,0.0,0.0,0.0,0.0,0.0,0.0,0.0,0,NATGAS,2025-09-08 12:00:00+00:00,3.140000104904175,3.083897891018655,3.3644089604462524,0.08013056888653232
1,0,0.0,0,0,0,1,0,0,0,0,1.0,1.0,0,0,0,0,0,,0,0.5141507836934716,1.0,1,0,1,1,0.7336459869763123,2.000000000000003,3.999999999999993,0.009942132247613226,0.0,0.0,0.0,0.0,0.0,0.0,0.0,0.0,0.0,0.0,0.0,0,NATGAS,2025-09-08 13:00:00+00:00,3.130000114440918,3.0677623642952856,3.378951115023447,0.09199336923261062
1,0,0.0,0,0,0,1,0,0,0,0,1.0,1.0,0,0,0,0,0,,0,0.5005014836914915,1.0,1,0,1,1,0.7336459869763123,1.999999999999997,4.000000000000007,0.010249286969302268,0.0,0.0,0.0,0.0,0.0,0.0,0.0,0.0,0.0,0.0,0.0,0,NATGAS,2025-09-08 14:00:00+00:00,3.11899995803833,3.055064906783977,3.3747401630557428,0.1000958143410055
1,0,0.0,0,0,0,1,0,0,0,0,1.0,1.0,0,0,0,0,0,,0,0.4895278415650813,1.0,-1,0,1,1,0.7455289548603523,2.000000000000004,3.9999999999999933,0.01056371487478253,0.0,0.0,0.0,0.0,0.0,0.0,0.0,0.0,0.0,0.0,0.0,0,NATGAS,2025-09-08 15:00:00+00:00,3.0940001010894775,3.0286318313085623,3.355473180213138,0.08264707286148204
1,0,0.0,0,0,0,1,0,0,0,0,1.0,1.0,0,0,0,0,0,,0,0.4943243709668508,1.0,2,0,1,1,0.6817565600874516,2.0000000000000027,3.9999999999999933,0.01046121301170485,0.0,0.0,0.0,0.0,0.0,0.0,0.0,0.0,0.0,0.0,0.0,0,NATGAS,2025-09-08 18:00:00+00:00,3.0940001010894775,3.0292661128580107,3.3529360540153443,0.09904895696763935
1,0,0.0,0,0,1,1,0,1,1,0,1.0,1.0,0,0,0,0,0,,0,0.5187870383202131,1.0,2,0,1,1,0.6817565600874516,0.18242225723780678,4.0,0.009974377204379138,0.0,0.0,0.0,0.0,0.0,0.0,0.0,0.0,0.0,0.0,0.0,0,NATGAS,2025-09-08 19:00:00+00:00,3.0920000076293945,3.086373963949837,3.114504182347625,0.12015239596587544
1,0,0.0,0,0,0,0,0,1,0,0,0.75,0.75,0,0,0,0,0,,0,1.0334496635270647,1.0,0,0,1,1,0.7526817574978176,1.9999999999999691,4.000000000000068,0.002858479593139793,0.0,0.0,0.0,0.0,0.0,0.0,0.0,0.0,0.0,0.0,0.0,1,COPPER,2025-09-09 07:00:00+00:00,4.570000171661377,4.543873667198699,4.674506189512092,0.25560814093860384
1,0,0.0,0,0,0,0,0,0,0,1,0.9000000000000001,0.9000000000000001,0,0,0,0,0,,0,0.36769106419183145,1.0,1,0,1,1,0.7506394546420665,2.000000000000009,3.999999999999982,0.0078679655833261,0.0,0.0,0.0,0.0,0.0,0.0,0.0,0.0,0.0,0.0,0.0,0,NATGAS,2025-09-09 12:00:00+00:00,3.1110000610351562,3.062045578215256,3.3068179923147563,0.10381609902272212
1,0,0.0,0,0,0,0,0,0,0,1,0.9000000000000001,0.9000000000000001,0,0,0,0,0,,0,0.36290164167888345,1.0,1,0,1,1,0.7506394546420665,2.0000000000000018,4.0,0.007961567134070296,0.0,0.0,0.0,0.0,0.0,0.0,0.0,0.0,0.0,0.0,0.0,0,NATGAS,2025-09-09 13:00:00+00:00,3.115000009536743,3.0653994461396303,3.3134022631251945,0.18266276951321617
1,0,0.0,0,0,0,0,0,0,0,1,0.9000000000000001,0.9000000000000001,0,0,0,0,0,,0,0.34109251268205426,0.3333333333333333,1,1,1,1,0.7803393585050233,1.9999999999999942,4.000000000000008,0.008552994379890476,0.0,0.0,0.0,0.0,0.0,0.0,0.0,0.0,0.0,0.0,0.0,0,NATGAS,2025-09-09 14:00:00+00:00,3.0850000381469727,3.032228062170507,3.296087942052836,0.14578987604722032
1,0,0.0,0,0,0,0,0,0,0,1,0.9000000000000001,0.9000000000000001,0,0,0,0,0,,0,0.32896873022592743,0.0,-1,0,1,1,0.7774704379051022,2.0000000000000018,4.0,0.008937737249644044,0.0,0.0,0.0,0.0,0.0,0.0,0.0,0.0,0.0,0.0,0.0,0,NATGAS,2025-09-09 15:00:00+00:00,3.061000108718872,3.0062832793331498,3.2798674262617613,0.15312073033212178
1,0,0.0,0,0,0,0,0,1,0,1,0.75,0.75,0,0,0,0,0,,0,0.6781918023726813,1.0,0,0,1,1,0.7564141247650684,1.9999999999999962,4.000000000000011,0.006635498979564651,0.0,0.0,0.0,0.0,0.0,0.0,0.0,0.0,0.0,0.0,0.0,0,NATGAS,2025-09-10 08:00:00+00:00,3.1110000610351562,3.0697139855743076,3.276144362878551,0.13116994690735026
1,0,0.0,0,0,0,0,0,0,0,1,0.75,0.75,0,0,0,0,0,,0,0.6750221766842388,0.0,0,1,1,1,0.7849846959480509,1.9999999999999902,4.000000000000021,0.0067141369406909495,0.0,0.0,0.0,0.0,0.0,0.0,0.0,0.0,0.0,0.0,0.0,0,NATGAS,2025-09-10 09:00:00+00:00,3.0889999866485596,3.047520048808258,3.254919738009767,0.09439193437329114
1,0,0.0,0,0,0,0,0,0,0,1,0.75,0.75,0,0,0,0,0,,0,0.6607756985830229,0.7857118528610354,-1,0,1,1,0.7564141247650684,2.0000000000000018,4.0,0.0068345574634699445,0.0,0.0,0.0,0.0,0.0,0.0,0.0,0.0,0.0,0.0,0.0,0,NATGAS,2025-09-10 10:00:00+00:00,3.0999999046325684,3.057625649662643,3.2694969245122696,0.1462347064497214
1,0,0.0,0,0,0,0,0,1,0,0,0.75,0.75,0,0,0,0,0,,0,0.5194796242698617,0.0,2,0,1,1,0.6715030240719372,2.0000000000000075,3.9999999999999836,0.008900240394347473,0.0,0.0,0.0,0.0,0.0,0.0,0.0,0.0,0.0,0.0,0.0,0,NATGAS,2025-09-10 18:00:00+00:00,3.0280001163482666,2.974100258449043,3.24359954794516,0.1962051216747629
1,0,0.0,0,0,0,0,0,1,0,0,0.75,0.75,0,0,0,0,0,,0,0.39556313550656125,0.0,-1,0,0,1,0.6276421480795025,2.0000000000000044,3.999999999999992,0.00938853891669978,0.0,0.0,0.0,0.0,0.0,0.0,0.0,0.0,0.0,0.0,0.0,0,NATGAS,2025-09-11 15:00:00+00:00,2.9619998931884766,2.9063821906515552,3.1844707033361614,0.21177613849402152
1,0,0.0,0,0,0,0,0,1,0,0,0.75,0.75,0,0,0,0,0,,0,0.07654375219685186,1.0,0,0,1,1,0.7697939892269616,2.0000000000000004,4.0,0.0027868750220808153,0.0,0.0,0.0,0.0,0.0,0.0,0.0,0.0,0.0,0.0,0.0,0,COPPER,2025-09-12 08:00:00+00:00,4.6875,4.661373046667992,4.792007813328031,0.2469815416428422
1,0,0.0,0,0,0,0,0,1,0,0,0.75,0.75,0,0,0,0,0,,0,0.07574181256817632,1.0,0,0,1,1,0.7697939892269616,2.0000000000000244,3.9999999999999662,0.002816081411090807,0.0,0.0,0.0,0.0,0.0,0.0,0.0,0.0,0.0,0.0,0.0,0,COPPER,2025-09-12 09:00:00+00:00,4.688000202178955,4.6615966217298626,4.793614523975324,0.1431804804281251
1,0,0.0,0,0,0,0,0,1,0,0,0.75,0.75,0,0,0,0,0,,0,0.06711553834696639,0.0,1,0,1,1,0.7575242615501547,2.000000000000006,4.0,0.003194724982772693,0.0,0.0,0.0,0.0,0.0,0.0,0.0,0.0,0.0,0.0,0.0,0,COPPER,2025-09-12 13:00:00+00:00,4.66349983215332,4.633702633311447,4.7826886275208125,0.27119268606213653
1,0,0.0,0,0,0,0,0,1,0,0,0.9000000000000001,0.9000000000000001,0,0,0,0,0,,0,0.23939357694272395,1.0,0,0,0,1,0.7576984851675099,1.9999999999999654,4.000000000000071,0.0026882770548799935,0.0,0.0,0.0,0.0,0.0,0.0,0.0,0.0,0.0,0.0,0.0,0,COPPER,2025-09-15 07:00:00+00:00,4.6620001792907715,4.636934683067104,4.762262164185442,0.17459836906947634
1,0,0.0,0,0,0,0,0,1,0,0,0.75,0.7000000000000001,0,0,0,0,0,,0,0.2072099510739381,1.0,2,0,1,1,0.7781866708646432,1.9999999999999867,4.000000000000031,0.00306830291118316,0.0,0.0,0.0,0.0,0.0,0.0,0.0,0.0,0.0,0.0,0.0,0,COPPER,2025-09-15 18:00:00+00:00,4.718999862670898,4.6900412206378865,4.834834430802947,0.12406054296862258
1,0,0.0,0,0,0,0,0,1,0,0,0.75,0.7000000000000001,0,0,0,0,0,,0,0.21737489876216765,1.0,2,0,1,1,0.7781866708646432,1.9999999999999731,4.000000000000064,0.0029245120548535425,0.0,0.0,0.0,0.0,0.0,0.0,0.0,0.0,0.0,0.0,0.0,0,COPPER,2025-09-15 19:00:00+00:00,4.7195000648498535,4.691895595184783,4.829917943510138,0.1113132671001455
1,0,0.0,0,0,0,0,0,1,0,0,0.75,0.75,0,0,0,0,0,,0,1.577417564977889,1.0,0,0,1,1,0.7343162897584736,1.999999999999993,4.000000000000017,0.00853588793129228,0.0,0.0,0.0,0.0,0.0,0.0,0.0,0.0,0.0,0.0,0.0,0,NATGAS,2025-09-16 07:00:00+00:00,3.0450000762939453,2.9930165174899024,3.252934311510118,0.10379594432204857
1,0,0.0,0,0,0,0,0,0,0,1,0.9000000000000001,0.9000000000000001,0,0,0,0,0,,0,0.3194276406306216,0.0,-1,1,1,1,0.8066502929839838,1.9999999999999873,4.000000000000029,0.0063811648232649735,0.0,0.0,0.0,0.0,0.0,0.0,0.0,0.0,0.0,0.0,0.0,0,PALLADIUM,2025-09-16 10:00:00+00:00,1226.5,1210.8470026885311,1289.111989245876,0.14041152890353345
1,0,0.0,0,0,0,0,0,1,0,0,0.75,0.75,0,0,0,0,0,,0,1.4084112944742624,1.0,1,0,1,1,0.7843982297633976,1.9999999999999964,4.000000000000008,0.009442340746979893,0.0,0.0,0.0,0.0,0.0,0.0,0.0,0.0,0.0,0.0,0.0,0,NATGAS,2025-09-16 13:00:00+00:00,3.0829999446868896,3.024778472685582,3.31588583269212,0.11281620134965975
1,0,0.0,0,0,0,0,0,1,0,0,0.75,0.75,0,0,0,0,0,,0,1.3428761885801062,1.0,1,0,1,1,0.7843982297633976,1.9999999999999936,4.000000000000014,0.00990957435821312,0.0,0.0,0.0,0.0,0.0,0.0,0.0,0.0,0.0,0.0,0.0,0,NATGAS,2025-09-16 14:00:00+00:00,3.0810000896453857,3.0199372906733815,3.3252512855334038,0.09053859617515633
1,0,0.0,0,1,0,0,0,0,0,0,0.75,0.75,0,0,0,0,0,,0,1.096967070834421,0.6341559861366333,0,1,0,1,0.8012999697873322,1.034241275517165,4.0,0.004046253401289457,0.0,0.0,0.0,0.0,0.0,0.0,0.0,0.0,0.0,0.0,0.0,0,COPPER,2025-09-18 07:00:00+00:00,4.618500232696533,4.599172722398036,4.6958102738905225,0.13396062294027172
1,0,0.0,0,1,0,0,0,0,0,0,0.9000000000000001,0.75,0,0,0,0,0,,0,1.121344439390848,0.46339931613593544,0,1,0,1,0.8012999697873322,0.8570445819750483,4.0,0.003961292581917677,0.0,0.0,0.0,0.0,0.0,0.0,0.0,0.0,0.0,0.0,0.0,0,COPPER,2025-09-18 08:00:00+00:00,4.614999771118164,4.599331826843272,4.677671548217731,0.11176493741793786
1,0,0.0,0,1,1,0,0,0,1,0,0.9000000000000001,0.75,0,0,0,0,0,,0,1.165901896919644,0.14633295340885302,0,0,0,1,0.7611662611020245,0.5214316138179592,4.0,0.0038152766726675742,0.0,0.0,0.0,0.0,0.0,0.0,0.0,0.0,0.0,0.0,0.0,0,COPPER,2025-09-18 09:00:00+00:00,4.608500003814697,4.599331826843272,4.645172711700397,0.2912142163259808
1,0,0.0,0,1,0,0,0,0,0,0,0.9000000000000001,0.75,0,0,0,0,0,,0,1.2182776718861907,0.31706636272708244,-1,1,0,1,0.8012999697873322,0.7528565705453739,4.0,0.0036484807234857196,0.0,0.0,0.0,0.0,0.0,0.0,0.0,0.0,0.0,0.0,0.0,0,COPPER,2025-09-18 10:00:00+00:00,4.611999988555908,4.599331826843272,4.662672635406452,0.13477419450126712
1,0,0.0,0,0,1,0,0,0,1,0,0.9000000000000001,0.75,0,0,0,0,0,,0,1.2467526085856668,0.12193249749947664,1,0,0,1,0.6549393594838813,0.30201965932886293,4.0,0.0035682469314584787,0.0,0.0,0.0,0.0,0.0,0.0,0.0,0.0,0.0,0.0,0.0,0,COPPER,2025-09-18 12:00:00+00:00,4.607999801635742,4.603033849079589,4.627863611860356,0.3214717113328266
1,0,0.0,0,0,0,0,0,1,0,0,0.75,0.75,0,0,0,0,0,,0,0.23200808077717733,1.0,0,0,1,1,0.7526817574978176,2.000000000000003,4.0,0.0028019605095100666,0.0,0.0,0.0,0.0,0.0,0.0,0.0,0.0,0.0,0.0,0.0,1,COPPER,2025-09-19 08:00:00+00:00,4.614500045776367,4.588640751977572,4.7179372209715496,0.2732394235978644
1,0,0.0,0,0,1,0,0,1,1,0,0.75,0.75,0,0,0,0,0,,0,0.5038921553366854,0.0,1,1,1,1,0.7699908171540324,0.19200769855745417,4.0,0.0025849110369604526,0.0,0.0,0.0,0.0,0.0,0.0,0.0,0.0,0.0,0.0,0.0,1,COPPER,2025-09-19 12:00:00+00:00,4.606500148773193,4.6042138376327895,4.615645393334809,0.383106357450408
1,0,0.0,0,0,0,0,0,1,0,0,0.75,0.75,0,0,0,0,0,,0,0.4676435409895338,1.0,-1,0,1,1,0.7526817574978176,2.000000000000025,3.9999999999999654,0.002775635496548589,0.0,0.0,0.0,0.0,0.0,0.0,0.0,0.0,0.0,0.0,0.0,0,COPPER,2025-09-19 15:00:00+00:00,4.622499942779541,4.596839192931595,4.725142942171323,0.19866943749913038
1,0,0.0,0,1,0,0,0,0,0,1,0.75,0.9000000000000001,0,0,0,0,0,,0,2.7887649823776823,0.9230769230769231,0,0,1,1,0.8438775755883393,3.032717489772804,4.0,0.0059408177847967685,0.0,0.0,0.0,0.0,0.0,0.0,0.0,0.0,0.0,0.0,0.0,1,PALLADIUM,2025-09-22 07:00:00+00:00,1177.0,1155.7942005065809,1261.8231979736765,0.4940768797241722
1,0,0.0,0,1,0,0,0,0,0,0,0.75,0.75,0,0,0,0,0,,0,1.2843183501931326,0.5,0,0,1,1,0.8548739597387386,1.0918077753205466,4.0,0.002354866308631195,0.0,0.0,0.0,0.0,0.0,0.0,0.0,0.0,0.0,0.0,0.0,0,COPPER,2025-09-23 07:00:00+00:00,4.629000186920166,4.617098743470782,4.676605960717701,0.10490741126761124
1,0,0.0,0,1,0,0,0,1,0,0,0.75,0.75,0,0,0,0,0,,0,1.309203508027398,0.42854223433242505,0,0,1,1,0.8548739597387386,1.004705294303444,4.0,0.0023106046983221184,0.0,0.0,0.0,0.0,0.0,0.0,0.0,0.0,0.0,0.0,0.0,0,COPPER,2025-09-23 08:00:00+00:00,4.627999782562256,4.6172559885595215,4.6709749585731934,0.12479686078863743
1,0,0.0,0,1,0,0,0,0,0,0,0.75,0.75,0,0,0,0,0,,0,1.3152941803150158,0.5714237057220708,0,0,1,1,0.8548739597387386,1.1973105487885156,4.0,0.0022989114430279176,0.0,0.0,0.0,0.0,0.0,0.0,0.0,0.0,0.0,0.0,0.0,0,COPPER,2025-09-23 09:00:00+00:00,4.630000114440918,4.6172559885595215,4.680976617966504,0.10490741126761124
1,0,0.0,0,1,0,0,0,0,0,0,0.75,0.75,0,0,0,0,0,,0,1.3623225357011324,0.5714237057220708,-1,0,1,1,0.8548739597387386,1.2401203983557716,4.0,0.0022195513638170973,0.0,0.0,0.0,0.0,0.0,0.0,0.0,0.0,0.0,0.0,0.0,0,COPPER,2025-09-23 10:00:00+00:00,4.630000114440918,4.6172559885595215,4.680976617966504,0.10653971603915098
1,0,0.0,0,0,0,0,0,1,0,0,0.75,0.75,0,0,0,0,0,,0,1.2545351967854992,1.0,1,0,1,1,0.7406847812664589,1.99999999999998,4.00000000000004,0.002405315776316649,0.0,0.0,0.0,0.0,0.0,0.0,0.0,0.0,0.0,0.0,0.0,0,COPPER,2025-09-23 13:00:00+00:00,4.639500141143799,4.617181215376366,4.728775844213531,0.17946365136287848
1,0,0.0,0,0,0,0,0,1,0,0,0.75,0.75,0,0,0,0,0,,0,1.28042596957302,1.0,1,0,1,1,0.7406847812664589,1.9999999999999696,4.000000000000081,0.0023569333499003425,0.0,0.0,0.0,0.0,0.0,0.0,0.0,0.0,0.0,0.0,0.0,0,COPPER,2025-09-23 14:00:00+00:00,4.638999938964844,4.61713231163218,4.726470448295499,0.1855493165328483
1,0,0.0,0,0,0,0,0,1,0,0,0.75,0.75,0,0,0,0,0,,0,1.2674554978020378,1.0,-1,0,1,1,0.7526817574978176,1.9999999999999778,4.00000000000004,0.0023813094849439212,0.0,0.0,0.0,0.0,0.0,0.0,0.0,0.0,0.0,0.0,0.0,0,COPPER,2025-09-23 15:00:00+00:00,4.638500213623047,4.616408804513817,4.7268658500599665,0.21531278966929748
1,0,0.0,0,0,1,0,0,1,1,0,0.75,0.75,0,0,0,0,0,,0,1.3311974332046215,1.0,0,0,1,1,0.8360467110641325,0.3877203045739452,4.0,0.0022680183656056956,0.0,0.0,0.0,0.0,0.0,0.0,0.0,0.0,0.0,0.0,0.0,0,COPPER,2025-09-24 07:00:00+00:00,4.63700008392334,4.632922506500133,4.653310393616167,0.192359878010822
1,0,0.0,0,0,0,0,0,1,0,0,0.75,0.75,0,0,0,0,0,,0,0.12945787804681855,1.0,0,0,1,1,0.8099029503193709,1.9999999999999865,4.000000000000028,0.006322800147880423,0.0,0.0,0.0,0.0,0.0,0.0,0.0,0.0,0.0,0.0,0.0,0,COPPER,2025-09-25 08:00:00+00:00,4.88700008392334,4.825201034216696,5.134196282749917,0.2081172023686191
1,0,0.0,0,0,0,0,0,1,0,0,0.75,0.75,0,0,0,0,0,,0,0.1304832314886408,1.0,0,0,1,1,0.8099029503193709,2.0000000000000058,3.9999999999999853,0.006271831521455205,0.0,0.0,0.0,0.0,0.0,0.0,0.0,0.0,0.0,0.0,0.0,0,COPPER,2025-09-25 09:00:00+00:00,4.888000011444092,4.826686586346795,5.133253711833279,0.23459453365699995
1,0,0.0,0,0,0,0,0,1,0,0,0.75,0.75,0,0,0,0,0,,0,0.10595098692651021,0.0,1,0,1,1,0.7969939268869584,1.9999999999999942,4.0000000000000115,0.007924245735711166,0.0,0.0,0.0,0.0,0.0,0.0,0.0,0.0,0.0,0.0,0.0,1,COPPER,2025-09-25 14:00:00+00:00,4.764500141143799,4.688990001291291,5.066540700553831,0.40200603441705557
1,0,0.0,0,0,1,0,0,0,1,0,0.75,0.75,0,0,0,0,0,,0,0.8308338616415387,0.5937416182387125,-1,0,1,1,0.7877025598023053,0.6433006414985462,4.0,0.004007926691438045,0.0,0.0,0.0,0.0,0.0,0.0,0.0,0.0,0.0,0.0,0.0,1,COPPER,2025-09-29 10:00:00+00:00,4.804999828338623,4.7926110885760895,4.854554787388757,0.22053075678110132
1,0,0.0,0,0,0,0,0,1,0,0,0.75,0.75,0,0,0,0,0,,0,0.582159668153355,1.0,-1,0,1,1,0.7877025598023053,2.000000000000007,3.999999999999984,0.005632035552753247,0.0,0.0,0.0,0.0,0.0,0.0,0.0,0.0,0.0,0.0,0.0,0,COPPER,2025-09-29 15:00:00+00:00,4.880000114440918,4.825031446156975,5.099874787576687,0.24448007005682512
1,0,0.0,0,0,0,0,0,1,0,0,0.75,0.75,0,0,0,0,0,,0,0.5968896315977278,1.0,1,0,1,1,0.8227209828648928,2.0000000000000133,3.9999999999999667,0.0055150869570479485,0.0,0.0,0.0,0.0,0.0,0.0,0.0,0.0,0.0,0.0,0.0,1,COPPER,2025-10-01 14:00:00+00:00,4.860499858856201,4.806887700103578,5.074948493866691,0.20600244522218203
1,0,0.0,0,0,0,0,0,1,0,0,0.75,0.75,0,0,0,0,0,,0,0.1873522115918625,1.0,1,0,1,1,0.7579161520812842,2.0000000000000027,4.0,0.005978131918185098,0.0,0.0,0.0,0.0,0.0,0.0,0.0,0.0,0.0,0.0,0.0,1,COPPER,2025-10-02 14:00:00+00:00,4.9105000495910645,4.851788815429645,5.1453449862367435,0.28246563355600557
1,0,0.0,0,0,0,0,0,1,0,0,0.75,0.75,0,0,0,0,0,,0,0.5255204607700665,1.0,0,0,1,1,0.77533226589813,1.9999999999999878,4.0000000000000195,0.004456849039854061,0.0,0.0,0.0,0.0,0.0,0.0,0.0,0.0,0.0,0.0,0.0,0,COPPER,2025-10-08 07:00:00+00:00,5.123499870300293,5.077830539345013,5.306177194121415,0.26222180575657267
1,0,0.0,0,0,1,1,0,0,1,0,0.75,0.75,0,0,0,0,0,,1,0.45734168542764714,1.0,1,0,1,1,0.7783609383112592,1.5000000000000042,4.0,0.005130271021270685,0.0,0.0,0.0,0.0,0.0,0.0,0.0,0.0,0.0,0.0,0.0,0,COPPER,2025-10-08 12:00:00+00:00,5.114500045776367,5.075141888716666,5.271932674015172,0.10234511640375839
1,0,0.0,0,0,0,1,0,1,0,0,0.75,0.75,0,0,0,0,0,,0,0.4490761014205499,1.0,1,0,1,1,0.7629742637641241,1.9999999999999971,4.0,0.005230321912836801,0.0,0.0,0.0,0.0,0.0,0.0,0.0,0.0,0.0,0.0,0.0,0,COPPER,2025-10-08 13:00:00+00:00,5.109000205993652,5.05555677453346,5.322773931834423,0.14408625473830045
1,0,0.0,0,0,0,1,0,0,0,0,0.75,0.75,0,0,0,0,0,,0,0.43368318460259486,0.2916633553206707,1,0,1,1,0.7629742637641241,2.0000000000000044,3.999999999999984,0.005434579777870838,0.0,0.0,0.0,0.0,0.0,0.0,0.0,0.0,0.0,0.0,0.0,0,COPPER,2025-10-08 14:00:00+00:00,5.0914998054504395,5.036159481686971,5.312861100504313,0.11092298306019845
1,0,0.0,0,0,0,1,0,0,0,0,0.75,0.75,0,0,0,0,0,,0,0.43053816354182384,0.0,-1,0,1,1,0.77533226589813,2.000000000000013,3.999999999999968,0.005494241828359973,0.0,0.0,0.0,0.0,0.0,0.0,0.0,0.0,0.0,0.0,0.0,0,COPPER,2025-10-08 15:00:00+00:00,5.072999954223633,5.017255377136105,5.295978262573742,0.12507682715064555
1,0,0.0,0,0,0,0,0,1,0,0,0.75,0.75,0,0,0,0,0,,0,0.9672960354860521,1.0,0,0,1,1,0.7526817574978176,2.000000000000002,4.0,0.005491052643943654,0.0,0.0,0.0,0.0,0.0,0.0,0.0,0.0,0.0,0.0,0.0,0,COPPER,2025-10-09 09:00:00+00:00,5.177499771118164,5.120639923503732,5.404939161575893,0.42213748423878394
1,0,0.0,0,0,0,0,0,1,0,0,0.75,0.75,0,0,0,0,0,,0,0.74794629020375,1.0,1,0,1,1,0.8040162616448044,1.9999999999999967,4.000000000000012,0.00709182147012384,0.0,0.0,0.0,0.0,0.0,0.0,0.0,0.0,0.0,0.0,0.0,0,COPPER,2025-10-09 14:00:00+00:00,5.184500217437744,5.110965117529971,5.478640617068838,0.11826683306752374
1,0,0.0,0,0,0,1,0,0,0,0,0.75,0.75,0,0,0,0,0,,0,0.7295067192574641,1.0,2,1,1,1,0.7219251462824808,1.9999999999999944,4.0000000000000115,0.00737708683777884,0.0,0.0,0.0,0.0,0.0,0.0,0.0,0.0,0.0,0.0,0.0,0,COPPER,2025-10-09 18:00:00+00:00,5.110000133514404,5.03460630406241,5.411575451322382,0.0805667862616812
1,0,0.0,0,0,0,1,0,0,0,0,0.75,0.75,0,0,0,0,0,,0,0.7332533007220019,1.0,2,0,1,1,0.6882975134458844,2.0000000000000098,3.9999999999999765,0.00729442791954538,0.0,0.0,0.0,0.0,0.0,0.0,0.0,0.0,0.0,0.0,0.0,0,COPPER,2025-10-09 19:00:00+00:00,5.141499996185303,5.066491393944269,5.441534405149435,0.08465665742586381
1,0,0.0,0,0,0,0,0,1,0,0,0.75,0.75,0,0,0,0,0,,0,0.858010311965896,1.0,0,1,1,1,0.7992832121274086,1.9999999999999982,4.0,0.006273453394214832,0.0,0.0,0.0,0.0,0.0,0.0,0.0,0.0,0.0,0.0,0.0,0,COPPER,2025-10-10 07:00:00+00:00,5.109000205993652,5.044898056626982,5.365408803460333,0.12294547557438784
1,0,0.0,0,0,1,0,0,0,1,0,0.75,0.75,0,0,0,0,0,,0,0.034609600774942795,0.0,1,1,1,1,0.8218459306753529,0.4788159638718143,4.0,0.005812618962403713,0.0,0.0,0.0,0.0,0.0,0.0,0.0,0.0,0.0,0.0,0.0,0,COPPER,2025-10-16 13:00:00+00:00,4.9704999923706055,4.956666222291482,5.025835072687098,0.20175798318573104
1,0,0.0,0,0,0,0,0,1,0,0,0.75,0.75,0,0,0,0,0,,0,0.03498763870147387,0.0,0,1,1,1,0.833715380376857,1.9999999999999956,4.000000000000015,0.005770129422373836,0.0,0.0,0.0,0.0,0.0,0.0,0.0,0.0,0.0,0.0,0.0,0,COPPER,2025-10-17 07:00:00+00:00,4.953000068664551,4.895841165814109,5.181635680066319,0.39751510270397805
1,0,0.0,0,0,0,0,0,1,0,0,0.75,0.75,0,0,0,0,0,,0,0.026938127988936425,0.0,1,0,1,1,0.8315999525246252,1.9999999999999933,4.0000000000000115,0.007492816686158137,0.0,0.0,0.0,0.0,0.0,0.0,0.0,0.0,0.0,0.0,0.0,1,COPPER,2025-10-17 12:00:00+00:00,4.953999996185303,4.879761168516014,5.250955306862459,0.2480557070332313
1,0,0.0,0,0,1,0,0,0,1,0,0.75,0.75,0,0,0,0,0,,0,0.026492883665451463,0.0,1,0,1,1,0.8315999525246252,0.29571717701351113,4.0,0.007599567316287741,0.0,0.0,0.0,0.0,0.0,0.0,0.0,0.0,0.0,0.0,0.0,0,COPPER,2025-10-17 14:00:00+00:00,4.9664998054504395,4.955338478228047,5.01114511434001,0.22253609979962743
1,0,0.0,0,0,0,0,0,1,0,0,0.75,0.75,0,0,0,0,0,,0,0.02653019175165006,0.0,-1,0,1,1,0.845069494652085,1.9999999999999984,4.0,0.007578960943393564,0.0,0.0,0.0,0.0,0.0,0.0,0.0,0.0,0.0,0.0,0.0,1,COPPER,2025-10-17 15:00:00+00:00,4.9730000495910645,4.897619703296375,5.274521434769824,0.4252437042599994
1,0,0.0,0,0,0,0,0,1,0,0,0.9000000000000001,0.9000000000000001,0,0,0,0,0,,0,0.07869100007358264,1.0,0,0,1,1,0.7877025598023053,1.9999999999999996,4.0,0.006332581179038003,0.0,0.0,0.0,0.0,0.0,0.0,0.0,0.0,0.0,0.0,0.0,0,COPPER,2025-10-20 07:00:00+00:00,5.017000198364258,4.953459076301475,5.271164686615389,0.3600295318307557
1,0,0.0,0,0,0,0,0,0,0,1,0.9000000000000001,0.9000000000000001,0,0,0,0,0,,0,0.08336165004494504,0.0,-1,0,1,1,0.7877025598023053,2.000000000000004,3.9999999999999853,0.006024607246004745,0.0,0.0,0.0,0.0,0.0,0.0,0.0,0.0,0.0,0.0,0.0,0,COPPER,2025-10-20 10:00:00+00:00,4.978000164031982,4.9180191723143025,5.217924130902701,0.3202535326304351
1,0,0.0,0,0,0,0,0,1,0,0,0.9000000000000001,0.9000000000000001,0,0,0,0,0,,0,0.10882657496873384,1.0,0,0,0,1,0.654213262037718,1.99999999999999,4.0000000000000195,0.004601473540224664,0.0,0.0,0.0,0.0,0.0,0.0,0.0,0.0,0.0,0.0,0.0,1,COPPER,2025-10-22 07:00:00+00:00,4.992499828338623,4.946554116619271,5.176282675216034,0.35520477487779123
1,0,0.0,0,0,0,0,0,1,0,0,0.75,0.9000000000000001,0,0,0,0,0,,0,0.09913243707740665,0.0,1,0,1,1,0.723042679252569,2.000000000000015,3.999999999999965,0.0050631130986468625,0.0,0.0,0.0,0.0,0.0,0.0,0.0,0.0,0.0,0.0,0.0,1,COPPER,2025-10-22 14:00:00+00:00,4.980999946594238,4.930561214446317,5.182754875185923,0.2761852906484588
0,0,0.0,0,0,1,0,0,0,1,0,0.75,0.7000000000000001,0,0,0,0,0,,0,0.6126237316973867,1.0,-1,0,1,1,0.7027190166597401,0.19537552858750393,4.0,0.004328562776472378,1182.4590610624628,0.0,0.0,0.0,0.0,0.0,0.0,0.0,0.0,0.0,0.0,0,COPPER,2025-11-03 10:00:00+00:00,5.091000080108643,5.095305514645661,5.073778341960569,0.5029557824081103
0,0,0.0,0,0,1,0,0,0,1,0,0.75,0.75,0,0,0,0,0,,1,0.17536616506046343,1.0,-1,0,1,1,0.7494217765469695,1.500000000000008,4.0,0.005156253133900467,129.29285071044617,0.0,0.0,0.0,0.0,0.0,0.0,0.0,0.0,0.0,0.0,0,COPPER,2025-11-05 15:00:00+00:00,4.976500034332275,5.014990175179098,4.822539470944985,0.2151887380307354
0,0,0.0,0,0,0,1,0,0,0,0,0.75,0.75,0,0,0,0,0,,0,0.18945081119701634,1.0,2,0,1,1,0.6723827932134174,1.9999999999999887,4.000000000000019,0.004760477819254635,105.0314735167256,0.0,0.0,0.0,0.0,0.0,0.0,0.0,0.0,0.0,0.0,0,COPPER,2025-11-05 18:00:00+00:00,4.989500045776367,5.037004854370544,4.79948081139966,0.2768689810566771
0,0,0.0,0,0,0,1,0,0,0,0,0.75,0.75,0,0,0,0,0,,0,0.19824552506433069,1.0,2,0,1,1,0.6723827932134174,2.000000000000011,3.9999999999999805,0.004542916559488232,110.0614535734117,0.0,0.0,0.0,0.0,0.0,0.0,0.0,0.0,0.0,0.0,0,COPPER,2025-11-05 19:00:00+00:00,4.996500015258789,5.041897380576394,4.81491055398837,0.30327150454918467
0,0,0.0,0,0,0,0,0,1,0,0,0.75,0.75,0,0,0,0,0,,0,0.21592680549906362,1.0,-1,0,1,1,0.7332638823116723,2.000000000000016,3.9999999999999574,0.004198669708232849,119.08533767721343,0.0,0.0,0.0,0.0,0.0,0.0,0.0,0.0,0.0,0.0,0,COPPER,2025-11-06 15:00:00+00:00,4.964000225067139,5.00568461982044,4.797262646053936,0.11939286067338094
0,0,0.0,0,0,0,1,0,0,0,0,0.75,0.75,0,0,0,0,0,,0,0.2450369027381864,1.0,0,0,1,1,0.7352783536489657,2.000000000000022,3.9999999999999516,0.0036743361408116226,136.07900334604378,0.0,0.0,0.0,0.0,0.0,0.0,0.0,0.0,0.0,0.0,0,COPPER,2025-11-07 07:00:00+00:00,4.998499870300293,5.0352322077468665,4.8515705205140005,0.10779817139454871
0,0,0.0,0,0,0,0,0,1,0,0,0.75,0.75,0,0,0,0,0,,0,0.24069386343879626,1.0,2,0,1,1,0.7072822550200639,2.0000000000000036,4.0,0.0037689104797370048,132.66433434494553,0.0,0.0,0.0,0.0,0.0,0.0,0.0,0.0,0.0,0.0,0,COPPER,2025-11-07 19:00:00+00:00,4.960999965667725,4.998395095188885,4.811419447583084,0.1445824371258269
0,0,0.0,0,0,0,0,0,1,0,0,0.75,0.9000000000000001,0,0,0,0,0,,0,0.24092712380845688,0.0,0,0,1,1,0.7734423564750778,1.9999999999999791,4.000000000000048,0.0037158270085066777,134.55954727045972,0.0,0.0,0.0,0.0,0.0,0.0,0.0,0.0,0.0,0.0,0,COPPER,2025-11-10 07:00:00+00:00,5.0269999504089355,5.064358874783918,4.877564252909005,0.11656402556198363
0,0,0.0,0,0,0,0,0,1,0,0,0.75,0.9000000000000001,0,0,0,0,0,,0,0.23880813710307944,0.0,0,0,1,1,0.7146134369156202,1.9999999999999978,4.0,0.003754025581774116,133.19035502248906,0.0,0.0,0.0,0.0,0.0,0.0,0.0,0.0,0.0,0.0,0,COPPER,2025-11-10 08:00:00+00:00,5.019999980926514,5.057690397624321,4.869238314135284,0.12394327433990529
0,0,0.0,0,0,0,0,0,0,0,1,0.9000000000000001,0.9000000000000001,0,0,0,0,0,,0,0.15964096402756506,1.0,0,1,1,1,0.8728518735186042,2.000000000000001,3.9999999999999987,0.07632935337814471,6.5505598812417585,0.0,0.0,0.0,0.0,0.0,0.0,0.0,0.0,0.0,0.0,0,COFFEE,2025-12-08 09:00:00+00:00,373.3999938964844,430.40275406752806,145.3889532123097,0.1040532386332551
0,0,0.0,0,0,0,0,0,1,0,1,0.9000000000000001,0.9000000000000001,0,0,0,0,0,,0,0.15147945634174392,1.0,-1,1,1,1,0.8728518735186042,2.0000000000000004,3.9999999999999996,0.0802591737974585,6.229817431983495,0.0,0.0,0.0,0.0,0.0,0.0,0.0,0.0,0.0,0.0,0,COFFEE,2025-12-08 10:00:00+00:00,374.25,434.3239915873977,133.95403365040923,0.1040532386332551
0,0,0.0,0,0,0,0,0,0,0,1,0.9000000000000001,0.9000000000000001,0,0,0,0,0,,0,0.15927652290947322,0.8351643929333172,1,0,1,1,0.8276772529143362,2.0000000000000004,3.999999999999999,0.07590432767519957,6.587239691253681,0.0,0.0,0.0,0.0,0.0,0.0,0.0,0.0,0.0,0.0,0,COFFEE,2025-12-08 12:00:00+00:00,376.3500061035156,433.48319447120485,147.81725263275877,0.1588800182507134
0,0,0.0,0,0,0,0,0,1,0,1,0.9000000000000001,0.9000000000000001,0,0,0,0,0,,0,0.15234975722211574,1.0,1,1,1,1,0.8604252448951648,2.0000000000000004,3.999999999999999,0.07982202157475216,6.263935567351638,0.0,0.0,0.0,0.0,0.0,0.0,0.0,0.0,0.0,0.0,0,COFFEE,2025-12-08 13:00:00+00:00,374.1499938964844,433.8808116664815,135.22672281649585,0.1359864763577027
0,0,0.0,0,0,0,0,0,1,0,1,0.9000000000000001,0.9000000000000001,0,0,0,0,0,,0,0.14616747308230274,1.0,1,1,1,1,0.8604252448951648,2.0000000000000004,3.999999999999999,0.0836902596346313,5.974410907348868,0.0,0.0,0.0,0.0,0.0,0.0,0.0,0.0,0.0,0.0,0,COFFEE,2025-12-08 14:00:00+00:00,371.95001220703125,434.2071983924527,122.92126746534547,0.1359864763577027
0,0,0.0,0,0,0,0,0,0,0,1,0.9000000000000001,0.9000000000000001,0,0,0,0,0,,0,0.15473453123559272,1.0,-1,0,1,1,0.8410832585210282,1.9999999999999998,4.000000000000001,0.08049582025768436,6.211502639508399,0.0,0.0,0.0,0.0,0.0,0.0,0.0,0.0,0.0,0.0,0,COFFEE,2025-12-08 15:00:00+00:00,365.29998779296875,424.11023210800295,130.05901053283193,0.10876501149936041
0,0,0.0,0,0,0,0,0,0,0,1,0.9000000000000001,0.9000000000000001,0,0,0,0,0,,0,0.18984644253192517,1.0,2,1,1,1,0.8067143230122719,2.0000000000000004,3.9999999999999987,0.06513567924232545,7.676284423777032,0.0,0.0,0.0,0.0,0.0,0.0,0.0,0.0,0.0,0.0,0,COFFEE,2025-12-08 18:00:00+00:00,367.95001220703125,415.8833601516851,176.21662042841587,0.14041955851129875
0,0,0.0,0,0,0,0,0,0,0,1,0.9000000000000001,0.9000000000000001,0,0,0,0,0,,0,0.2028548810044839,1.0,0,1,1,1,0.8728518735186042,1.9999999999999998,4.000000000000001,0.060580060447516765,8.253540790590208,0.0,0.0,0.0,0.0,0.0,0.0,0.0,0.0,0.0,0.0,0,COFFEE,2025-12-09 09:00:00+00:00,370.25,415.10953476138616,190.81186095445534,0.1040532386332551
0,0,0.0,0,0,0,0,0,0,0,1,0.9000000000000001,0.9000000000000001,0,0,0,0,0,,0,0.2164915664004199,1.0,-1,1,1,1,0.8728518735186042,1.9999999999999996,4.000000000000001,0.056519909244028985,8.846440248890215,0.0,0.0,0.0,0.0,0.0,0.0,0.0,0.0,0.0,0.0,0,COFFEE,2025-12-09 10:00:00+00:00,371.8500061035156,413.88386329824027,203.714577324617,0.1040532386332551
0,0,0.0,0,0,0,0,0,0,0,1,0.9000000000000001,0.9000000000000001,0,0,0,0,0,,0,0.2468944028257301,1.0,1,1,1,1,0.8604252448951648,2.0,4.0,0.04961335657702026,10.0779313172209,0.0,0.0,0.0,0.0,0.0,0.0,0.0,0.0,0.0,0.0,0,COFFEE,2025-12-09 12:00:00+00:00,371.45001220703125,408.3077760193632,224.0189569577035,0.134563716303372
0,0,0.0,0,0,0,0,0,1,0,1,0.9000000000000001,0.9000000000000001,0,0,0,0,0,,0,0.2635758973330952,1.0,1,1,1,1,0.8604252448951648,1.9999999999999987,4.000000000000003,0.046392188528332816,10.777676498159563,0.0,0.0,0.0,0.0,0.0,0.0,0.0,0.0,0.0,0.0,0,COFFEE,2025-12-09 13:00:00+00:00,372.1000061035156,406.6250733726118,233.99973702713092,0.11527273501203388
0,0,0.0,0,0,0,0,0,0,0,1,0.9000000000000001,0.9000000000000001,0,0,0,0,0,,0,0.28035301728438794,1.0,1,1,1,1,0.8604252448951648,1.9999999999999982,4.0000000000000036,0.04386349904287527,11.398999416605255,0.0,0.0,0.0,0.0,0.0,0.0,0.0,0.0,0.0,0.0,0,COFFEE,2025-12-09 14:00:00+00:00,370.0,402.4589892917277,240.16404283308918,0.11786799179125282
0,0,0.0,0,0,0,0,0,1,0,1,0.9000000000000001,0.9000000000000001,0,0,0,0,0,,0,0.2957508420656919,1.0,-1,1,1,1,0.8728518735186042,1.999999999999999,4.000000000000002,0.04124538956199051,12.122567038638735,0.0,0.0,0.0,0.0,0.0,0.0,0.0,0.0,0.0,0.0,0,COFFEE,2025-12-09 15:00:00+00:00,373.0,403.7690606132449,249.92375754702033,0.09196227669560281
0,0,0.0,0,0,0,0,0,1,0,0,0.75,0.75,0,0,0,0,0,,0,0.9236935259583596,1.0,-1,0,1,1,0.7412564888157822,2.000000000000009,3.9999999999999782,0.0070948178752601185,70.47397252345483,0.0,0.0,0.0,0.0,0.0,0.0,0.0,0.0,0.0,0.0,0,COPPER,2026-01-16 15:00:00+00:00,5.798500061035156,5.880778664800615,5.469385645973324,0.1179421030881577
0,0,0.0,0,1,0,0,0,0,0,1,0.9000000000000001,0.9000000000000001,0,0,0,0,0,,0,1.0899794143872668,0.42105857551573556,0,0,1,1,0.805669363407118,0.8848452951960797,4.0,0.005911011043161916,191.19251375416445,0.0,0.0,0.0,0.0,0.0,0.0,0.0,0.0,0.0,0.0,1,COPPER,2026-01-20 07:00:00+00:00,5.8979997634887695,5.928848250428339,5.774605815730492,0.28906523402006024
0,0,0.0,0,1,0,0,0,0,0,0,0.9000000000000001,0.9000000000000001,0,0,0,0,0,,0,1.0656646399780119,1.0,0,1,0,1,0.7551789701887774,2.1600158622689243,4.0,0.006093403346236364,75.97717348534766,0.0,0.0,0.0,0.0,0.0,0.0,0.0,0.0,0.0,0.0,0,COPPER,2026-01-20 08:00:00+00:00,5.8520002365112305,5.929023373435899,5.543907688812556,0.2621091069340803
0,0,0.0,0,1,0,0,0,0,0,0,0.9000000000000001,0.9000000000000001,0,0,0,0,0,,0,1.0800699953454402,1.0,0,1,0,1,0.7551789701887774,2.6013491753510682,4.0,0.006027066943333509,63.78158888715145,0.0,0.0,0.0,0.0,0.0,0.0,0.0,0.0,0.0,0.0,0,COPPER,2026-01-20 09:00:00+00:00,5.837500095367432,5.929023373435899,5.471406983093562,0.27697146812958523
0,0,0.0,0,1,0,0,0,0,0,0,0.9000000000000001,0.9000000000000001,0,0,0,0,0,,0,1.051637601978343,1.0,-1,1,0,1,0.7551789701887774,2.0208938325593717,4.0,0.00617046150203856,80.19344202090116,0.0,0.0,0.0,0.0,0.0,0.0,0.0,0.0,0.0,0.0,0,COPPER,2026-01-20 10:00:00+00:00,5.855999946594238,5.929023373435899,5.563906239227595,0.12317927474669063
1,0,0.0,0,0,0,0,0,1,0,0,0.55,0.75,0,0,0,0,0,,0,0.40278944900138847,1.0,1,0,1,1,0.820721653032793,2.000000000000003,3.9999999999999942,0.01942125909721471,0.0,0.0,0.0,0.0,0.0,0.0,0.0,0.0,0.0,0.0,0.0,1,NATGAS,2026-01-20 12:00:00+00:00,3.8350000381469727,3.686038979389611,4.430844273176418,0.10619541567136816
1,0,0.0,0,0,0,0,0,1,0,0,0.55,0.75,0,0,0,0,0,,0,0.34449283991582086,1.0,-1,0,1,1,0.834014997803777,1.9999999999999991,4.0,0.02255489617438919,0.0,0.0,0.0,0.0,0.0,0.0,0.0,0.0,0.0,0.0,0.0,1,NATGAS,2026-01-20 15:00:00+00:00,3.8610000610351562,3.68683115002324,4.557675705082822,0.09807738276405013
0,0,0.0,0,0,0,0,0,1,0,0,0.75,0.75,0,0,0,0,0,,0,0.08146636878213544,1.0,-1,1,1,1,0.7315368676670846,2.000000000000005,3.999999999999988,0.0064133664527975245,77.96217535361599,0.0,0.0,0.0,0.0,0.0,0.0,0.0,0.0,0.0,0.0,0,COPPER,2026-01-22 15:00:00+00:00,5.741499900817871,5.815144586523163,5.446921157996706,0.18128289606704873
1,0,0.0,0,0,0,0,0,1,0,1,0.9000000000000001,0.9000000000000001,0,0,0,0,0,,0,0.6181791451973059,1.0,0,0,1,1,0.8000650988691945,2.0000000000000027,3.9999999999999933,0.016763238909013163,0.0,0.0,0.0,0.0,0.0,0.0,0.0,0.0,0.0,0.0,0.0,0,NATGAS,2026-01-29 07:00:00+00:00,3.859999895095825,3.730587694235311,4.3776486985378815,0.1337404416097802
1,0,0.0,0,0,0,0,0,0,0,1,0.9000000000000001,0.9000000000000001,0,0,0,0,0,,0,0.6262720230301646,1.0,0,0,1,1,0.8000650988691945,2.000000000000002,3.999999999999993,0.0166414662606051,0.0,0.0,0.0,0.0,0.0,0.0,0.0,0.0,0.0,0.0,0.0,0,NATGAS,2026-01-29 08:00:00+00:00,3.8380000591278076,3.710260162143456,4.348959647065214,0.1337404416097802
1,0,0.0,0,0,0,0,0,1,0,1,0.9000000000000001,0.9000000000000001,0,0,0,0,0,,0,0.6199421122708504,1.0,0,0,1,1,0.8000650988691945,1.9999999999999978,4.000000000000007,0.016828922769167535,0.0,0.0,0.0,0.0,0.0,0.0,0.0,0.0,0.0,0.0,0.0,0,NATGAS,2026-01-29 09:00:00+00:00,3.8340001106262207,3.704955927108804,4.350176844695889,0.13451688742481235
1,0,0.0,0,0,0,0,0,0,0,1,0.9000000000000001,0.9000000000000001,0,0,0,0,0,,0,0.6379673805858945,1.0,-1,0,1,1,0.8000650988691945,2.0000000000000018,4.0,0.016387629648003624,0.0,0.0,0.0,0.0,0.0,0.0,0.0,0.0,0.0,0.0,0.0,0,NATGAS,2026-01-29 10:00:00+00:00,3.8259999752044678,3.700601833950624,4.327592540219843,0.13639278784137007
1,0,0.0,0,0,0,0,0,1,0,1,0.9000000000000001,0.9000000000000001,0,0,0,0,0,,0,0.5952401689385076,1.0,1,0,1,1,0.7873128807118398,1.9999999999999996,4.0,0.01739122680519781,0.0,0.0,0.0,0.0,0.0,0.0,0.0,0.0,0.0,0.0,0.0,0,NATGAS,2026-01-29 12:00:00+00:00,3.864000082015991,3.729600678412705,4.4015976964291355,0.08454160183607447
1,0,0.0,0,0,0,0,0,0,0,1,0.9000000000000001,0.9000000000000001,0,0,0,0,0,,0,0.5641764478948105,1.0,1,0,1,1,0.7873128807118398,1.9999999999999976,4.000000000000006,0.018468282724860702,0.0,0.0,0.0,0.0,0.0,0.0,0.0,0.0,0.0,0.0,0.0,0,NATGAS,2026-01-29 13:00:00+00:00,3.8389999866485596,3.6972005123802356,4.406197883721856,0.08505453472202039
1,0,0.0,0,0,0,0,0,1,0,1,0.9000000000000001,0.9000000000000001,0,0,0,0,0,,0,0.5475714270958377,1.0,1,0,1,1,0.7873128807118398,2.0000000000000013,4.0,0.0189591908542572,0.0,0.0,0.0,0.0,0.0,0.0,0.0,0.0,0.0,0.0,0.0,0,NATGAS,2026-01-29 14:00:00+00:00,3.8529999256134033,3.7069004037111166,4.43739801322255,0.08481513136351848
1,0,0.0,0,0,0,0,0,0,0,1,0.9000000000000001,0.9000000000000001,0,0,0,0,0,,0,0.5182076107876793,1.0,-1,0,1,1,0.8000650988691945,1.9999999999999971,4.000000000000005,0.020556342046637244,0.0,0.0,0.0,0.0,0.0,0.0,0.0,0.0,0.0,0.0,0.0,0,NATGAS,2026-01-29 15:00:00+00:00,3.755000114440918,3.600621980965699,4.372512648341794,0.09691185128654474
1,0,0.0,0,0,0,0,0,0,0,1,0.9000000000000001,0.9000000000000001,0,0,0,0,0,,0,0.5203409262285128,1.0,2,0,1,1,0.7316276934586116,2.0000000000000004,4.0,0.019966910567594736,0.0,0.0,0.0,0.0,0.0,0.0,0.0,0.0,0.0,0.0,0.0,0,NATGAS,2026-01-29 18:00:00+00:00,3.8499999046325684,3.696254697070475,4.4649807348809425,0.10293254528019448
1,0,0.0,0,0,0,0,0,0,0,1,0.9000000000000001,0.9000000000000001,0,0,0,0,0,,0,0.5145427828234387,1.0,2,0,1,1,0.7316276934586116,2.0000000000000004,4.0,0.019984278487919352,0.0,0.0,0.0,0.0,0.0,0.0,0.0,0.0,0.0,0.0,0.0,0,NATGAS,2026-01-29 19:00:00+00:00,3.890000104904175,3.7345224140752937,4.511910868219699,0.10293254528019448
0,0,0.0,0,0,1,0,0,0,1,0,0.75,0.7000000000000001,0,0,0,0,0,,0,0.5639244889033627,0.0,0,0,1,1,0.7412564888157822,0.3916712202162841,4.0,0.005121348949601508,498.53306837965204,0.0,0.0,0.0,0.0,0.0,0.0,0.0,0.0,0.0,0.0,0,GOLD,2026-02-12 08:00:00+00:00,5090.0,5100.209954610521,5049.160181557916,0.3795959433908496
0,0,0.0,0,0,1,0,0,0,1,0,0.75,0.7000000000000001,0,0,0,0,0,,0,0.5812325420100344,0.0,0,0,1,1,0.7412564888157822,0.20139311189898138,4.0,0.004963968250492525,1000.2910713634536,0.0,0.0,0.0,0.0,0.0,0.0,0.0,0.0,0.0,0.0,1,GOLD,2026-02-12 09:00:00+00:00,5095.0,5100.093517422939,5074.625930308244,0.38937165722392686
0,0,0.0,0,0,1,0,0,0,1,0,0.75,0.7000000000000001,0,0,0,0,0,,1,0.5593728554457076,0.0,-1,0,1,1,0.7555149039386845,1.5000000000000144,4.0,0.0051692165519046296,128.96860868036626,0.0,0.0,0.0,0.0,0.0,0.0,0.0,0.0,0.0,0.0,1,GOLD,2026-02-12 15:00:00+00:00,5083.89990234375,5123.319571628883,4926.221225203219,0.3001828574533449
1,0,0.0,0,0,0,0,0,1,0,0,0.75,0.75,0,0,0,0,0,,0,0.7343224375189159,1.0,1,0,1,1,0.7921471260191156,1.9999999999999976,4.0,0.00818782826903765,0.0,0.0,0.0,0.0,0.0,0.0,0.0,0.0,0.0,0.0,0.0,1,PLATINUM,2026-02-19 12:00:00+00:00,2079.0,2044.9550100573415,2215.179959770634,0.11850129112410467
1,0,0.0,0,0,0,0,0,1,0,0,0.75,0.75,0,0,0,0,0,,0,0.7137254049692272,1.0,1,0,1,1,0.7921471260191156,2.0000000000000053,3.999999999999987,0.00843954258247911,0.0,0.0,0.0,0.0,0.0,0.0,0.0,0.0,0.0,0.0,0.0,1,PLATINUM,2026-02-19 13:00:00+00:00,2075.199951171875,2040.1724744617277,2215.309858012464,0.09988342028328474
1,0,0.0,0,0,1,0,0,0,1,0,0.75,0.75,0,0,0,0,0,,1,0.681431940399403,1.0,2,0,1,1,0.7141562304972002,1.5000000000000007,4.0,0.008872847871270234,0.0,0.0,0.0,0.0,0.0,0.0,0.0,0.0,0.0,0.0,0.0,1,PLATINUM,2026-02-19 18:00:00+00:00,2067.39990234375,2039.8843151098874,2177.4622512792002,0.1414478319118383
1,0,0.0,0,0,0,0,0,1,0,0,0.75,0.75,0,0,0,0,0,,0,0.728245352227406,1.0,1,0,1,1,0.7497599231590139,2.000000000000007,3.9999999999999867,0.008033954989990849,0.0,0.0,0.0,0.0,0.0,0.0,0.0,0.0,0.0,0.0,0.0,1,PLATINUM,2026-02-20 13:00:00+00:00,2136.5,2102.170910327769,2273.8163586889236,0.11165738960260341
1,0,0.0,0,0,0,0,0,1,0,0,0.75,0.75,0,0,0,0,0,,0,0.6507465360076627,1.0,-1,0,1,1,0.761903890748012,2.0000000000000018,4.0,0.008913553459245256,0.0,0.0,0.0,0.0,0.0,0.0,0.0,0.0,0.0,0.0,0.0,0,PLATINUM,2026-02-20 15:00:00+00:00,2155.0,2116.582584590653,2308.6696616373883,0.19229290664656173
1,0,0.0,0,0,0,0,0,1,0,0,0.75,0.75,0,0,0,0,0,,0,0.6116947338465911,1.0,2,0,1,1,0.6967307872984048,1.999999999999992,4.0000000000000115,0.009414895006936914,0.0,0.0,0.0,0.0,0.0,0.0,0.0,0.0,0.0,0.0,0.0,0,PLATINUM,2026-02-20 18:00:00+00:00,2170.5,2129.629940774887,2333.9802369004524,0.19201308584046836
1,0,0.0,0,0,0,0,0,1,0,0,0.75,0.75,0,0,0,0,0,,0,0.6355424320309215,1.0,2,0,1,1,0.6967307872984048,1.9999999999999938,4.0000000000000115,0.009039543089429678,0.0,0.0,0.0,0.0,0.0,0.0,0.0,0.0,0.0,0.0,0.0,0,PLATINUM,2026-02-20 19:00:00+00:00,2175.800048828125,2136.463572237395,2333.1459551910452,0.19419250063114865
1,0,0.0,0,0,0,0,0,1,0,0,0.75,0.7000000000000001,0,0,0,0,0,,0,0.01541857079464172,1.0,-1,0,0,1,0.6701759395378071,2.000000000000008,3.9999999999999885,0.008936956664751115,0.0,0.0,0.0,0.0,0.0,0.0,0.0,0.0,0.0,0.0,0.0,0,PLATINUM,2026-02-23 10:00:00+00:00,2177.5,2138.5795537250087,2333.1817850999646,0.24039557330108813
1,0,0.0,0,0,0,0,0,1,0,0,0.75,0.75,0,0,0,0,0,,0,0.08648472114323008,0.0,1,1,0,1,0.798015916667975,2.000000000000004,3.9999999999999902,0.007925215269456786,0.0,0.0,0.0,0.0,0.0,0.0,0.0,0.0,0.0,0.0,0.0,0,COPPER,2026-03-03 13:00:00+00:00,5.8354997634887695,5.743004579827744,6.205480498132871,0.34479907853277897
0,0,0.0,0,1,0,0,0,1,0,0,0.9000000000000001,0.9000000000000001,0,0,0,0,0,,0,1.8340950994317604,0.5833333333333333,0,0,1,1,0.7955021022896853,1.471420921643939,4.0,0.008222961015336637,82.64847449204116,0.0,0.0,0.0,0.0,0.0,0.0,0.0,0.0,0.0,0.0,0,WHEAT,2026-03-12 07:00:00+00:00,596.75,603.9703389556508,567.8686441773966,0.1702432886069345
0,0,0.0,0,0,1,0,0,0,1,1,0.9000000000000001,0.9000000000000001,0,0,0,0,0,,0,1.7798702820116976,0.2777777777777778,0,0,1,1,0.7198914230991699,0.3477633646679639,4.0,0.008434609295451902,340.9189959719974,0.0,0.0,0.0,0.0,0.0,0.0,0.0,0.0,0.0,0.0,0,WHEAT,2026-03-12 08:00:00+00:00,599.5,601.2584822408935,592.466071036426,0.11112301854251667
0,0,0.0,0,0,1,0,0,1,1,1,0.9000000000000001,0.9000000000000001,0,0,0,0,0,,0,1.826480641344675,0.2222222222222222,0,0,1,1,0.7198914230991699,0.25147114674136123,4.0,0.00821251518382195,484.2121160519502,0.0,0.0,0.0,0.0,0.0,0.0,0.0,0.0,0.0,0.0,0,WHEAT,2026-03-12 09:00:00+00:00,600.0,601.2391263665439,595.0434945338243,0.160786793474738
0,0,0.0,0,0,1,0,0,1,1,1,0.9000000000000001,0.9000000000000001,0,0,0,0,0,,0,1.9074257139053563,0.2222222222222222,-1,0,1,1,0.7198914230991699,0.25596809521695596,4.0,0.007864002194501335,496.78735997381284,0.0,0.0,0.0,0.0,0.0,0.0,0.0,0.0,0.0,0.0,0,WHEAT,2026-03-12 10:00:00+00:00,600.0,601.2077601975051,595.1689592099797,0.160786793474738
0,0,0.0,0,0,0,0,0,1,0,0,0.9000000000000001,0.75,0,0,0,0,0,,0,1.0726255707942405,1.0,1,0,1,1,0.8629392847340497,1.9999999999999898,4.000000000000021,0.0042884230118928664,116.59297569604908,0.0,0.0,0.0,0.0,0.0,0.0,0.0,0.0,0.0,0.0,1,GOLD,2026-03-17 13:00:00+00:00,5021.89990234375,5064.971964553017,4849.611653506682,0.11270933748311428
1,0,0.0,0,0,0,0,0,1,0,0,0.55,0.75,0,0,0,0,0,,0,0.27798045865169263,1.0,-1,0,1,1,0.765184333857537,1.9999999999999962,4.000000000000011,0.013596473891361044,0.0,0.0,0.0,0.0,0.0,0.0,0.0,0.0,0.0,0.0,0.0,0,NATGAS,2026-03-19 10:00:00+00:00,3.174999952316284,3.0886623444028025,3.5203503839702117,0.206696562883752
1,0,0.0,0,0,0,1,0,1,0,0,0.55,0.55,0,0,0,0,0,,0,0.23166406229591088,1.0,2,0,1,1,0.6446136072191595,1.999999999999997,4.000000000000009,0.01629940408105444,0.0,0.0,0.0,0.0,0.0,0.0,0.0,0.0,0.0,0.0,0.0,0,NATGAS,2026-03-19 18:00:00+00:00,3.177999973297119,3.0744009618284194,3.592396019171919,0.15657996219508147
1,0,0.0,0,0,0,1,0,0,0,0,0.75,0.9000000000000001,0,0,0,0,0,,0,0.19265040015463644,1.0,1,0,1,1,0.8932833317722965,2.000000000000002,3.9999999999999947,0.03303579738847201,0.0,0.0,0.0,0.0,0.0,0.0,0.0,0.0,0.0,0.0,0.0,0,COFFEE,2026-03-26 12:00:00+00:00,314.25,293.4870013413453,397.3019946346186,0.09162952497464978
1,0,0.0,0,0,0,1,0,0,0,0,0.75,0.9000000000000001,0,0,0,0,0,,0,0.20200637758733073,1.0,1,0,1,1,0.8932833317722965,2.000000000000001,4.0,0.031697382164975904,0.0,0.0,0.0,0.0,0.0,0.0,0.0,0.0,0.0,0.0,0.0,0,COFFEE,2026-03-26 13:00:00+00:00,312.3500061035156,292.54865107812424,391.5554262050812,0.09162952497464978
1,0,0.0,0,0,0,1,0,0,0,0,0.75,0.9000000000000001,0,0,0,0,0,,0,0.2092537794141855,1.0,1,0,1,1,0.8932833317722965,2.0000000000000018,3.999999999999997,0.03095133675474063,0.0,0.0,0.0,0.0,0.0,0.0,0.0,0.0,0.0,0.0,0.0,0,COFFEE,2026-03-26 14:00:00+00:00,308.79998779296875,289.6844429688888,385.26216708928854,0.09249527704925727
1,0,0.0,0,0,0,1,0,0,0,0,0.75,0.9000000000000001,0,0,0,0,0,,0,0.22248523603978396,1.0,-1,0,1,1,0.9077519683234853,1.9999999999999973,4.000000000000006,0.029143654326802278,0.0,0.0,0.0,0.0,0.0,0.0,0.0,0.0,0.0,0.0,0.0,0,COFFEE,2026-03-26 15:00:00+00:00,308.45001220703125,290.47129114131195,380.36489646990856,0.08172570432653906
0,0,0.0,0,0,0,0,0,1,0,0,0.75,0.75,0,0,0,0,0,,0,0.05995683812340937,1.0,0,0,1,1,0.8131296893779997,1.999999999999994,4.000000000000012,0.013506494755280082,37.01922734649839,0.0,0.0,0.0,0.0,0.0,0.0,0.0,0.0,0.0,0.0,0,OIL,2026-04-21 07:00:00+00:00,86.44000244140625,88.77500532064875,77.09999092443624,0.1487214918484228
0,0,0.0,0,0,0,0,0,1,0,0,0.75,0.75,0,0,0,0,0,,0,0.06193887051218688,1.0,0,0,1,1,0.8131296893779997,1.9999999999999976,4.000000000000006,0.013035082462390015,38.3580235447413,0.0,0.0,0.0,0.0,0.0,0.0,0.0,0.0,0.0,0.0,0,OIL,2026-04-21 09:00:00+00:00,86.69999694824219,88.96028016766078,77.65886407056779,0.24767595296024955
0,0,0.0,0,0,0,0,0,1,0,0,0.75,0.9000000000000001,0,0,0,0,0,,0,1.32786862724508,0.0,1,0,1,1,0.6936760330197602,1.9999999999999953,4.000000000000012,0.011591765399022284,43.13406826212805,0.0,0.0,0.0,0.0,0.0,0.0,0.0,0.0,0.0,0.0,0,OIL,2026-04-28 13:00:00+00:00,99.4000015258789,101.70444452257979,90.18222953907534,0.12064444423287356
0,0,0.0,0,0,0,0,0,1,0,0,0.75,0.9000000000000001,0,0,0,0,0,,0,1.319868259448213,0.0,1,0,1,1,0.6936760330197602,2.0000000000000027,3.999999999999994,0.011666723731067795,42.85693323383744,0.0,0.0,0.0,0.0,0.0,0.0,0.0,0.0,0.0,0.0,0,OIL,2026-04-28 14:00:00+00:00,99.36000061035156,101.67841196443096,90.08635519403397,0.12427521512355927
0,0,0.0,0,0,1,0,0,0,1,0,0.75,0.9000000000000001,0,0,0,0,0,,1,1.3329444750854484,0.0,-1,0,1,1,0.7184709061333737,1.8946827158116677,4.0,0.011502493560823607,45.88508154890578,0.0,0.0,0.0,0.0,0.0,0.0,0.0,0.0,0.0,0.0,0,OIL,2026-04-28 15:00:00+00:00,99.79000091552734,101.96478185841764,91.09087714396617,0.09895115584575542
0,0,0.0,0,0,1,0,0,0,1,0,0.75,0.9000000000000001,0,0,0,0,0,,1,1.3333950103173042,0.0,2,0,1,1,0.6607355843192719,1.7122749690175036,4.0,0.011474460062159566,50.89724009491501,0.0,0.0,0.0,0.0,0.0,0.0,0.0,0.0,0.0,0.0,0,OIL,2026-04-28 18:00:00+00:00,100.0,101.96474307474269,92.14102770102926,0.10158047715699675
1,0,0.0,0,0,0,1,0,0,0,0,0.7000000000000001,0.75,0,0,0,0,0,,0,0.5583011033898871,1.0,0,0,1,1,0.7049116019026147,2.0000000000000027,4.0,0.006270682121373144,0.0,0.0,0.0,0.0,0.0,0.0,0.0,0.0,0.0,0.0,0.0,0,NATGAS,2026-05-22 07:00:00+00:00,3.1419999599456787,3.1025949939973057,3.299619823739171,0.1091442370732668
1,0,0.0,0,0,0,1,0,0,0,0,0.7000000000000001,0.75,0,0,0,0,0,,0,0.5743389208593443,1.0,0,0,1,1,0.7049116019026147,2.0000000000000058,3.9999999999999885,0.006107242383387525,0.0,0.0,0.0,0.0,0.0,0.0,0.0,0.0,0.0,0.0,0.0,0,NATGAS,2026-05-22 08:00:00+00:00,3.135999917984009,3.097695294757185,3.2892184108913027,0.16856117186591885
1,0,0.0,0,0,0,1,0,0,0,0,0.7000000000000001,0.75,0,0,0,0,0,,0,0.585591519003895,1.0,0,0,1,1,0.7049116019026147,2.00000000000001,3.9999999999999765,0.005976546505955775,0.0,0.0,0.0,0.0,0.0,0.0,0.0,0.0,0.0,0.0,0.0,0,NATGAS,2026-05-22 09:00:00+00:00,3.1429998874664307,3.1054313174751167,3.2932741674316857,0.1261746786907213
1,0,0.0,0,0,0,1,0,0,0,0,0.7000000000000001,0.75,0,0,0,0,0,,0,0.5895919131791069,1.0,-1,0,1,1,0.7049116019026147,2.000000000000006,3.999999999999988,0.005958745754178796,0.0,0.0,0.0,0.0,0.0,0.0,0.0,0.0,0.0,0.0,0.0,0,NATGAS,2026-05-22 10:00:00+00:00,3.13100004196167,3.0936863755489243,3.280254707612652,0.1824736864147447
1,0,0.0,0,0,0,0,0,1,0,0,0.9000000000000001,0.75,0,0,0,0,0,,0,0.4823765732868898,1.0,1,1,1,1,0.7827809092372446,1.9999999999999958,4.00000000000001,0.007425460779458788,0.0,0.0,0.0,0.0,0.0,0.0,0.0,0.0,0.0,0.0,0.0,0,NATGAS,2026-05-22 13:00:00+00:00,3.071000099182129,3.025392917601747,3.2534288255036565,0.13182443534559607
1,0,0.0,0,0,0,0,0,1,0,0,0.75,0.75,0,0,0,0,0,,0,0.46464363166726813,0.0,2,0,0,1,0.5482959194073806,2.0000000000000027,3.9999999999999907,0.00783643879159679,0.0,0.0,0.0,0.0,0.0,0.0,0.0,0.0,0.0,0.0,0.0,1,NATGAS,2026-05-22 18:00:00+00:00,3.0209999084472656,2.9736521467033326,3.2103909554229975,0.2812251410752469
1,0,0.0,0,0,0,0,0,1,0,0,0.75,0.75,0,0,0,0,0,,0,0.4892573576306613,0.0,2,0,0,1,0.5482959194073806,2.0000000000000027,4.0,0.007437276608368927,0.0,0.0,0.0,0.0,0.0,0.0,0.0,0.0,0.0,0.0,0.0,0,NATGAS,2026-05-22 19:00:00+00:00,3.0230000019073486,2.978034227504779,3.202863099517627,0.30220838459542937
