direction,t1_bias,t1_strength,t1_pd_zone,t2_in_4h_ob,t2_in_1h_ob,t2_in_fvg,t2_in_brk,t2_in_rej,t2_in_mit,t2_in_vi,zone_quality,t2_confluence,t2m30_in_ob,t2m30_in_fvg,t2m30_in_brk,t2m30_in_rej,t2m30_choch,t2m30_zone_qual,t4_in_5m_ob,ob_height_atr,entry_depth_ob,session,t3_in_ote,t3_choch,swept,conf_score,sl_atr_ratio,rr_potential,atr_pct_of_price,tp2_distance_r,rvol,vol_pct,mom_12b,mom_48b,mom_96b,body_ratio,atr_rank,bb_score,tsm_score,day_of_week,label,sym,ts,entry,sl,tp1,ml_proba
0,0,0.0,0,0,0,0,0,1,0,0,0.75,0.75,0,0,0,0,0,,0,1.5481568113691404,0.0,0,0,0,1,0.681308035905298,2.0000000000000435,3.9999999999998677,0.0006967717584085795,717.5951004988846,0.0,0.0,0.0,0.0,0.0,0.0,0.0,0.0,0.0,0.0,0,AUDNZD,2026-04-01 08:00:00+00:00,1.2051199674606323,1.206799354578274,1.1984024189900657,0.10964451488037234
0,0,0.0,0,0,0,0,0,1,0,0,0.75,0.75,0,0,0,0,0,,0,1.668509023780085,0.0,0,0,0,1,0.681308035905298,2.0000000000001386,3.999999999999715,0.0006470117799369523,772.7834569699604,0.0,0.0,0.0,0.0,0.0,0.0,0.0,0.0,0.0,0.0,0,AUDNZD,2026-04-01 08:30:00+00:00,1.2041900157928467,1.2057482660438477,1.1979570147888432,0.10964451488037234
0,0,0.0,0,0,0,0,0,1,0,0,0.75,0.75,0,0,0,0,0,,0,2.127069861687242,0.0,1,0,0,1,0.665818365479927,1.9999999999998719,4.000000000000182,0.0005073540892527286,985.5050163022668,0.0,0.0,0.0,0.0,0.0,0.0,0.0,0.0,0.0,0.0,0,AUDNZD,2026-04-01 12:00:00+00:00,1.2045999765396118,1.205822293987634,1.199710706747523,0.12564627813444795
0,0,0.0,0,0,0,0,0,1,0,0,0.75,0.75,0,0,0,0,0,,0,1.6499188542301972,0.0,1,0,0,1,0.665818365479927,2.0000000000000386,3.9999999999998592,0.0006539326149702042,764.6047751002178,0.0,0.0,0.0,0.0,0.0,0.0,0.0,0.0,0.0,0.0,0,AUDNZD,2026-04-01 12:30:00+00:00,1.2048699855804443,1.2064457931411838,1.1985667553374866,0.12607662656644336
0,0,0.0,0,0,0,0,0,0,0,1,0.75,0.75,0,0,0,0,0,,0,1.559206059952542,0.0,1,0,0,1,0.6318308489973096,1.9999999999998759,4.0000000000002665,0.0006920925551864411,722.4467251570669,0.0,0.0,0.0,0.0,0.0,0.0,0.0,0.0,0.0,0.0,0,AUDNZD,2026-04-01 14:00:00+00:00,1.2046699523925781,1.2063374386035934,1.1980000075485164,0.12564627813444795
0,0,0.0,0,0,0,0,0,0,0,1,0.75,0.75,0,0,0,0,0,,0,1.6533823254707318,0.0,1,0,0,1,0.6318308489973096,1.999999999999901,4.000000000000141,0.0006528987420221307,765.8155358845472,0.0,0.0,0.0,0.0,0.0,0.0,0.0,0.0,0.0,0.0,0,AUDNZD,2026-04-01 14:30:00+00:00,1.2042499780654907,1.205822484657009,1.1979599516994177,0.12564627813444795
0,0,0.0,0,0,0,0,0,0,0,1,0.75,0.75,0,0,0,0,0,,0,1.7695701328682212,0.0,-1,0,1,1,0.7261245594392123,2.0000000000000684,3.999999999999849,0.0006101619432439039,819.4545817488238,0.0,0.0,0.0,0.0,0.0,0.0,0.0,0.0,0.0,0.0,0,AUDNZD,2026-04-01 15:00:00+00:00,1.2039899826049805,1.2054592403398454,1.198112951665521,0.1319106982832362
0,0,0.0,0,0,0,0,0,0,0,1,0.75,0.75,0,0,0,0,0,,0,1.9128756319915996,0.0,-1,0,1,1,0.7261245594392123,1.9999999999999585,4.000000000000163,0.000564741708756816,885.3604971034924,0.0,0.0,0.0,0.0,0.0,0.0,0.0,0.0,0.0,0.0,0,AUDNZD,2026-04-01 15:30:00+00:00,1.2033699750900269,1.2047291615220248,1.1979332293620348,0.13114850683366208
0,0,0.0,0,0,0,0,0,0,0,1,0.75,0.75,0,0,0,0,0,,0,2.283167994787941,0.0,2,1,1,1,0.6964531471243678,2.000000000000157,3.99999999999961,0.0004731066172304629,1056.8442329700015,0.0,0.0,0.0,0.0,0.0,0.0,0.0,0.0,0.0,0.0,0,AUDNZD,2026-04-01 18:00:00+00:00,1.2034800052642822,1.2046187539726725,1.1989250104307216,0.11246787241257651
0,0,0.0,0,0,0,0,0,0,0,1,0.75,0.75,0,0,0,0,0,,0,2.337438902909184,0.0,2,0,1,1,0.6640120126937542,1.999999999999997,4.0,0.00046205286701994,1082.1272535863807,0.0,0.0,0.0,0.0,0.0,0.0,0.0,0.0,0.0,0.0,0,AUDNZD,2026-04-01 18:30:00+00:00,1.203660011291504,1.204772320409773,1.199210774818428,0.12664434584596615
0,0,0.0,0,0,0,0,0,0,0,1,0.75,0.75,0,0,0,0,0,,0,2.3637078890452243,0.0,2,0,1,1,0.6640120126937542,1.999999999999909,4.000000000000202,0.0004568381370838266,1094.4795528493198,0.0,0.0,0.0,0.0,0.0,0.0,0.0,0.0,0.0,0.0,0,AUDNZD,2026-04-01 19:00:00+00:00,1.2038700580596924,1.2049700055689223,1.1994702680227725,0.12564627813444795
1,0,0.0,0,0,0,0,0,0,0,1,0.75,0.75,0,0,0,0,0,,0,10.161434192078818,1.0,0,0,1,1,0.7261245594392123,1.9999999999997025,4.000000000000772,0.00012463100162516609,0.0,0.0,0.0,0.0,0.0,0.0,0.0,0.0,0.0,0.0,0.0,0,EURUSD,2026-04-03 09:00:00+00:00,1.1546010971069336,1.1543132989245137,1.1557522898366133,0.15214582035190324
1,0,0.0,0,0,0,0,0,0,0,1,0.75,0.75,0,0,0,0,0,,0,9.7714261186308,1.0,0,0,1,1,0.7261245594392123,2.000000000000101,4.0,0.00012959045469975637,0.0,0.0,0.0,0.0,0.0,0.0,0.0,0.0,0.0,0.0,0.0,0,EURUSD,2026-04-03 09:30:00+00:00,1.1547343730926514,1.1544350879877183,1.1559315135123835,0.15214582035190324
1,0,0.0,0,1,0,0,0,0,0,0,0.75,0.75,0,0,0,0,0,,0,10.718667108773756,1.0,1,0,1,1,0.7878569810099082,23.286074702857533,4.0,0.00011812450899376507,0.0,0.0,0.0,0.0,0.0,0.0,0.0,0.0,0.0,0.0,0.0,0,EURUSD,2026-04-03 12:00:00+00:00,1.1548677682876587,1.1516911241691596,1.167574344761655,0.1211047780511217
1,0,0.0,0,1,0,0,0,0,0,0,0.75,0.75,0,0,0,0,0,,0,5.035898617782423,0.636067177563998,1,0,1,1,0.7878569810099082,4.977854924868679,4.0,0.0002517997913117753,0.0,0.0,0.0,0.0,0.0,0.0,0.0,0.0,0.0,0.0,0.0,0,EURUSD,2026-04-03 12:30:00+00:00,1.1531364917755127,1.1516911241691596,1.158917962200925,0.1211047780511217
1,0,0.0,0,1,0,0,0,0,0,0,0.75,0.75,0,0,0,0,0,,0,5.366496876333109,0.9090167943909995,1,0,0,1,0.6966506664619924,6.76942597888413,4.0,0.00023620613608522459,0.0,0.0,0.0,0.0,0.0,0.0,0.0,0.0,0.0,0.0,0.0,0,EURUSD,2026-04-03 13:45:00+00:00,1.1535356044769287,1.1516911241691596,1.160913525708005,0.11266571465945346
1,0,0.0,0,1,0,0,0,0,0,0,0.75,0.75,0,0,0,0,0,,0,5.32387655286999,0.636067177563998,1,0,0,1,0.6966506664619924,5.262513630539845,4.0,0.00023817949353865071,0.0,0.0,0.0,0.0,0.0,0.0,0.0,0.0,0.0,0.0,0.0,0,EURUSD,2026-04-03 14:15:00+00:00,1.1531364917755127,1.1516911241691596,1.158917962200925,0.11266571465945346
1,0,0.0,0,1,0,0,0,0,0,0,0.75,0.75,0,0,0,0,0,,0,6.4794589609028845,0.3633621392466982,1,0,0,1,0.6966506664619924,4.637795708637375,4.0,0.00019576894745371872,0.0,0.0,0.0,0.0,0.0,0.0,0.0,0.0,0.0,0.0,0.0,0,EURUSD,2026-04-03 14:45:00+00:00,1.1527377367019653,1.1516911241691596,1.156924186833188,0.11266571465945346
1,0,0.0,0,1,0,0,0,0,0,0,0.75,0.75,0,0,0,0,0,,0,6.503904274023158,0.4542638186857981,-1,0,0,1,0.7128576228701912,5.246508726809233,4.0,0.00019501065212827441,0.0,0.0,0.0,0.0,0.0,0.0,0.0,0.0,0.0,0.0,0.0,0,EURUSD,2026-04-03 15:15:00+00:00,1.1528706550598145,1.1516911241691596,1.1575887786224337,0.13410255661033202
1,0,0.0,0,1,0,0,0,0,0,0,0.75,0.75,0,0,0,0,0,,0,6.380553045966284,0.3633621392466982,-1,0,0,1,0.7128576228701912,4.567001923134658,4.0,0.0001988035914296553,0.0,0.0,0.0,0.0,0.0,0.0,0.0,0.0,0.0,0.0,0.0,0,EURUSD,2026-04-03 15:45:00+00:00,1.1527377367019653,1.1516911241691596,1.156924186833188,0.13410255661033202
0,0,0.0,0,0,0,0,0,1,0,0,0.75,0.75,0,0,0,0,0,,0,0.6909164065098179,1.0,0,0,1,1,0.7799030122668315,1.9999999999998492,4.000000000000351,0.00035382198853255387,1413.1399862222936,0.0,0.0,0.0,0.0,0.0,0.0,0.0,0.0,0.0,0.0,0,CADJPY,2026-04-06 07:00:00+00:00,114.53700256347656,114.61805398349169,114.21279688341602,0.17547826896329177
0,0,0.0,0,0,0,0,0,1,0,0,0.75,0.75,0,0,0,0,0,,0,0.6497892062668479,1.0,0,0,1,1,0.765184333857537,1.9999999999998415,4.0000000000003295,0.0003759735931682386,1329.8806328036512,0.0,0.0,0.0,0.0,0.0,0.0,0.0,0.0,0.0,0.0,0,CADJPY,2026-04-06 07:30:00+00:00,114.61100006103516,114.69718148005425,114.26627438495873,0.17547826896329177
0,0,0.0,0,0,0,0,0,1,0,0,0.75,0.75,0,0,0,0,0,,0,0.5679677484447795,1.0,0,0,1,1,0.765184333857537,1.9999999999999483,4.000000000000144,0.0004305458368754715,1161.3165363032647,0.0,0.0,0.0,0.0,0.0,0.0,0.0,0.0,0.0,0.0,0,CADJPY,2026-04-06 09:00:00+00:00,114.50199890136719,114.60059561924899,114.10761202983996,0.10857473531452216
0,0,0.0,0,0,0,0,0,1,0,0,0.75,0.75,0,0,0,0,0,,0,0.5614198450383397,1.0,0,1,1,1,0.7940861652258628,2.0000000000000315,4.0,0.0004356662724374596,1147.6674501392981,0.0,0.0,0.0,0.0,0.0,0.0,0.0,0.0,0.0,0.0,0,CADJPY,2026-04-06 09:30:00+00:00,114.47599792480469,114.5757445874036,114.07701127440902,0.10862697681071079
0,0,0.0,0,0,0,0,0,1,0,1,0.75,0.75,0,0,0,0,0,,0,0.5535595941683933,1.0,-1,0,1,1,0.765184333857537,2.0000000000000258,4.0,0.0004416171617950582,1132.202376301737,0.0,0.0,0.0,0.0,0.0,0.0,0.0,0.0,0.0,0.0,0,CADJPY,2026-04-06 10:00:00+00:00,114.53700256347656,114.63816557546176,114.13235051553579,0.1085182143864197
0,0,0.0,0,0,0,0,0,1,0,1,0.75,0.75,0,0,0,0,0,,0,0.6294345306599083,1.0,-1,0,1,1,0.765184333857537,2.0000000000000684,3.99999999999984,0.0003884945435669971,1287.0193630242231,0.0,0.0,0.0,0.0,0.0,0.0,0.0,0.0,0.0,0.0,0,CADJPY,2026-04-06 10:30:00+00:00,114.50399780273438,114.59296615946032,114.14812437583062,0.11537025011046509
1,0,0.0,0,0,1,0,0,0,1,0,0.75,0.75,0,0,0,0,0,,0,1.5425719223011258,1.0,2,1,1,1,0.819941498900034,2.2442979985709512,4.0,0.00038012948010251156,0.0,0.0,0.0,0.0,0.0,0.0,0.0,0.0,0.0,0.0,0.0,0,GBPCAD,2026-04-06 19:00:00+00:00,1.841879963874817,1.840308612183072,1.8481653706417962,0.36093672695656737
1,0,0.0,0,0,1,0,0,0,1,0,0.75,0.75,0,0,0,0,0,,0,1.7096185377233624,1.0,2,0,1,1,0.7817482155458204,2.218249558987715,4.0,0.00034301873391122726,0.0,0.0,0.0,0.0,0.0,0.0,0.0,0.0,0.0,0.0,0.0,0,GBPCAD,2026-04-06 19:30:00+00:00,1.8417099714279175,1.840308612183072,1.8473154084072991,0.15313744630393009
1,0,0.0,0,0,1,0,0,0,1,0,0.75,0.75,0,0,0,0,0,,0,2.285076620991931,1.0,2,1,1,1,0.819941498900034,2.9286788272641,4.0,0.0003868533430490916,0.0,0.0,0.0,0.0,0.0,0.0,0.0,0.0,0.0,0.0,0.0,1,GBPCAD,2026-04-07 18:30:00+00:00,1.8439899682998657,1.8419007844698114,1.852346703620083,0.36093672695656737
0,0,0.0,0,0,0,0,0,1,0,0,0.75,0.75,0,0,0,0,0,,0,1.8731143673889348,0.0,1,0,1,1,0.75298807936558,2.000000000000053,3.999999999999838,0.00043619627479136595,1146.2729713570761,0.0,0.0,0.0,0.0,0.0,0.0,0.0,0.0,0.0,0.0,0,CHFJPY,2026-04-08 12:00:00+00:00,200.72500610351562,200.90011710335529,200.024562104157,0.17727595106577157
0,0,0.0,0,0,0,0,0,1,0,0,0.75,0.75,0,0,0,0,0,,0,1.6951825268962664,0.0,1,0,1,1,0.75298807936558,1.9999999999999036,4.0000000000001465,0.00048227157222640015,1036.7602587309489,0.0,0.0,0.0,0.0,0.0,0.0,0.0,0.0,0.0,0.0,0,CHFJPY,2026-04-08 12:30:00+00:00,200.60400390625,200.79749512296755,199.83003903937978,0.16194705085297062
0,0,0.0,0,0,0,1,0,0,0,0,0.75,0.75,0,0,0,0,0,,0,0.4139761774079064,1.0,1,0,0,1,0.6318308489973096,2.0000000000000733,3.9999999999998948,0.0005921127696122451,844.4337390788158,0.0,0.0,0.0,0.0,0.0,0.0,0.0,0.0,0.0,0.0,0,CADJPY,2026-04-08 14:45:00+00:00,114.22899627685547,114.3642691715665,113.68790469801134,0.12105948071940431
0,0,0.0,0,0,0,1,0,0,0,0,0.75,0.75,0,0,0,0,0,,0,0.38085714906889107,1.0,-1,0,0,1,0.6465298301653887,1.9999999999999325,4.000000000000097,0.0006427358593668965,777.9245435170268,0.0,0.0,0.0,0.0,0.0,0.0,0.0,0.0,0.0,0.0,0,CADJPY,2026-04-08 15:15:00+00:00,114.38300323486328,114.53003935062553,113.79485877181428,0.10038906373765202
0,0,0.0,0,0,0,1,0,0,0,0,0.75,0.75,0,0,0,0,0,,0,0.407328193463569,1.0,-1,0,0,1,0.6465298301653887,2.0000000000000964,3.999999999999793,0.0006013817369538863,831.4186635140795,0.0,0.0,0.0,0.0,0.0,0.0,0.0,0.0,0.0,0.0,0,CADJPY,2026-04-08 15:45:00+00:00,114.30400085449219,114.4414815316415,113.75407814589497,0.10056823628665666
0,0,0.0,0,0,0,0,0,1,0,0,0.75,0.9000000000000001,0,0,0,0,0,,0,2.150262210310244,0.0,0,0,1,1,0.7734423564750778,2.000000000000082,3.9999999999998135,0.00037948329002361847,1317.5810718012385,0.0,0.0,0.0,0.0,0.0,0.0,0.0,0.0,0.0,0.0,0,CHFJPY,2026-04-09 08:00:00+00:00,200.98500061035156,201.1375415089056,200.37483701613544,0.22233376060870141
0,0,0.0,0,0,0,0,0,1,0,0,0.75,0.9000000000000001,0,0,0,0,0,,0,2.0534287032221648,0.0,0,0,1,1,0.7734423564750778,2.000000000000097,3.999999999999822,0.00039718688613776365,1258.853243776411,0.0,0.0,0.0,0.0,0.0,0.0,0.0,0.0,0.0,0.0,0,CHFJPY,2026-04-09 08:30:00+00:00,201.08200073242188,201.2417349998804,200.44306366258778,0.13825320038138206
0,0,0.0,0,0,1,0,0,0,1,0,0.75,0.9000000000000001,0,0,0,0,0,,0,2.226722010021716,0.0,-1,0,1,1,0.8081714582385627,0.06880446384626716,4.0,0.0003665203067297973,39653.84856006335,0.0,0.0,0.0,0.0,0.0,0.0,0.0,0.0,0.0,0.0,0,CHFJPY,2026-04-09 10:00:00+00:00,200.947998046875,200.95306560034948,200.9277278329771,0.29715088876362
0,0,0.0,0,0,1,0,0,0,1,0,0.75,0.75,0,0,0,0,0,,0,0.5320864854089269,0.0,1,0,1,1,0.7878569810099082,2.7307727650606552,4.0,0.00045820311092797933,799.201708621642,0.0,0.0,0.0,0.0,0.0,0.0,0.0,0.0,0.0,0.0,0,CADJPY,2026-04-09 12:00:00+00:00,114.84600067138672,114.9897015662077,114.2711970921028,0.1158710245988201
0,0,0.0,0,0,1,0,0,0,1,0,0.75,0.75,0,0,0,0,0,,0,0.471503900657468,0.0,1,0,1,1,0.7878569810099082,0.6686058522063869,4.0,0.0005166089001884808,2895.129152182984,0.0,0.0,0.0,0.0,0.0,0.0,0.0,0.0,0.0,0.0,0,CADJPY,2026-04-09 12:30:00+00:00,114.94999694824219,114.9897015662077,114.79117847638014,0.21540818365950112
0,0,0.0,0,0,1,0,0,0,1,0,0.75,0.75,0,0,0,0,0,,0,0.6408079772008032,0.0,0,0,1,1,0.8006180120367974,0.5255076547887142,4.0,0.0003794914587661485,5014.399688402913,0.0,0.0,0.0,0.0,0.0,0.0,0.0,0.0,0.0,0.0,0,CADJPY,2026-04-10 07:00:00+00:00,115.13999938964844,115.16296126076851,115.04815190516814,0.17146722829263958
0,0,0.0,0,0,0,0,0,1,0,0,0.75,0.9000000000000001,0,0,0,0,0,,0,2.4217526807811844,0.0,0,0,0,1,0.6886608487127093,2.000000000000108,3.99999999999979,0.00033583849195476206,1488.810877781466,0.0,0.0,0.0,0.0,0.0,0.0,0.0,0.0,0.0,0.0,0,CHFJPY,2026-04-10 07:00:00+00:00,201.64500427246094,201.7804445807511,201.10324303930034,0.19028003102000787
0,0,0.0,0,0,0,0,0,1,0,0,0.75,0.9000000000000001,0,0,0,0,0,,0,2.423516975262231,0.0,0,0,0,1,0.6886608487127093,1.9999999999999036,4.00000000000021,0.00033569889350270124,1489.4299912132442,0.0,0.0,0.0,0.0,0.0,0.0,0.0,0.0,0.0,0.0,0,CHFJPY,2026-04-10 07:30:00+00:00,201.58200073242188,201.71734244161374,201.0406338956544,0.1903391568633348
0,0,0.0,0,0,1,0,0,0,1,0,0.75,0.75,0,0,0,0,0,,0,0.6495302229609686,0.0,0,0,1,1,0.8006180120367974,1.1590058670581413,4.0,0.0003744832573151516,2303.997268475364,0.0,0.0,0.0,0.0,0.0,0.0,0.0,0.0,0.0,0.0,0,CADJPY,2026-04-10 07:30:00+00:00,115.11299896240234,115.16296126076851,114.91314976893767,0.18327642829234103
0,0,0.0,0,0,1,0,0,0,1,0,0.75,0.75,0,0,0,0,0,,0,0.6596925028775361,0.0,0,1,1,1,0.8308582113593306,1.717133604613386,4.0,0.00036878819708066884,1579.1336907576194,0.0,0.0,0.0,0.0,0.0,0.0,0.0,0.0,0.0,0.0,0,CADJPY,2026-04-10 08:00:00+00:00,115.08999633789062,115.1628780685582,114.79846941522032,0.1974634591851238
0,0,0.0,0,0,1,0,0,0,1,0,0.75,0.75,0,0,0,0,0,,0,0.6906318079568453,0.0,0,1,1,1,0.8308582113593306,1.8962743795383417,4.0,0.00035227925667826886,1496.9653618141892,0.0,0.0,0.0,0.0,0.0,0.0,0.0,0.0,0.0,0.0,0,CADJPY,2026-04-10 08:30:00+00:00,115.08599853515625,115.1628780685582,114.77848040154845,0.19845723012690245
0,0,0.0,0,0,1,0,0,0,1,0,0.75,0.75,0,0,0,0,0,,0,0.6889901250443408,0.0,0,1,1,1,0.8308582113593306,1.1715353768838235,4.0,0.00035302968953479627,2417.8723102782483,0.0,0.0,0.0,0.0,0.0,0.0,0.0,0.0,0.0,0.0,0,CADJPY,2026-04-10 09:00:00+00:00,115.11499786376953,115.16260790395835,114.92455770301427,0.1969827770554898
0,0,0.0,0,0,0,0,0,1,0,0,0.75,0.9000000000000001,0,0,0,0,0,,0,1.975373650789407,0.0,0,0,0,1,0.6886608487127093,1.999999999999877,4.000000000000171,0.0004116367109218029,1214.663286178608,0.0,0.0,0.0,0.0,0.0,0.0,0.0,0.0,0.0,0.0,0,CHFJPY,2026-04-10 09:15:00+00:00,201.69000244140625,201.85604845986782,201.02581836755994,0.11221528186223094
0,0,0.0,0,0,1,0,0,0,1,0,0.75,0.75,0,0,0,0,0,,0,0.6277475812298483,0.0,0,1,1,1,0.8308582113593306,2.031429348743668,4.0,0.00038761576645378787,1269.9798887347574,0.0,0.0,0.0,0.0,0.0,0.0,0.0,0.0,0.0,0.0,0,CADJPY,2026-04-10 09:30:00+00:00,115.0719985961914,115.16260790395835,114.70956136512365,0.1965820369453062
0,0,0.0,0,0,0,0,0,1,0,0,0.75,0.9000000000000001,0,0,0,0,0,,0,1.711537609966074,0.0,0,0,0,1,0.6886608487127093,1.9999999999999327,4.000000000000148,0.0004753574576037275,1051.8400248110381,0.0,0.0,0.0,0.0,0.0,0.0,0.0,0.0,0.0,0.0,0,CHFJPY,2026-04-10 09:45:00+00:00,201.57699584960938,201.7686381061263,200.81042682354163,0.1093743793912099
0,0,0.0,0,0,0,0,0,1,0,0,0.75,0.75,0,0,0,0,0,,0,0.6679016524083113,0.0,1,0,1,1,0.75298807936558,2.0000000000001608,3.999999999999661,0.0003639992520839643,1373.6291960419305,0.0,0.0,0.0,0.0,0.0,0.0,0.0,0.0,0.0,0.0,0,CADJPY,2026-04-10 12:00:00+00:00,115.1709976196289,115.25484193361953,114.83562036366644,0.2766112113930812
0,0,0.0,0,0,0,0,0,1,0,0,0.75,0.75,0,0,0,0,0,,0,0.5450838533171489,0.0,1,0,1,1,0.75298807936558,2.0000000000000697,3.999999999999862,0.00044635239931573034,1120.1911332088623,0.0,0.0,0.0,0.0,0.0,0.0,0.0,0.0,0.0,0.0,0,CADJPY,2026-04-10 12:30:00+00:00,115.08399963378906,115.18673567250785,114.67305547891392,0.16054783318742988
0,0,0.0,0,0,0,0,0,1,0,0,0.75,0.75,0,0,0,0,0,,0,0.4852207769123542,0.0,1,0,1,1,0.75298807936558,1.999999999999942,4.0000000000001235,0.0005011458169181734,997.7136057421267,0.0,0.0,0.0,0.0,0.0,0.0,0.0,0.0,0.0,0.0,0,CADJPY,2026-04-10 13:00:00+00:00,115.14700317382812,115.26241405177058,114.6853596620583,0.1479252354952563
0,0,0.0,0,0,0,0,0,1,0,0,0.75,0.75,0,0,0,0,0,,0,0.470088107918182,0.0,1,0,1,1,0.75298807936558,1.9999999999999454,4.000000000000119,0.000516883257169029,967.3364208748316,0.0,0.0,0.0,0.0,0.0,0.0,0.0,0.0,0.0,0.0,0,CADJPY,2026-04-10 13:30:00+00:00,115.23500061035156,115.35412669526227,114.75849627070873,0.1479252354952563
0,0,0.0,0,0,0,0,0,1,0,0,0.75,0.75,0,0,0,0,0,,0,0.624788202086033,0.0,1,0,0,1,0.7274786348791457,2.000000000000086,3.99999999999988,0.0006352464946539647,787.0960394237854,0.0,0.0,0.0,0.0,0.0,0.0,0.0,0.0,0.0,0.0,1,NZDJPY,2026-04-10 14:45:00+00:00,93.21099853515625,93.32942245532156,92.73730285449501,0.15209838819338523
0,0,0.0,0,0,0,0,0,1,0,0,0.75,0.9000000000000001,0,0,0,0,0,,0,1.0154322455263096,0.0,-1,0,0,1,0.6886608487127093,2.0000000000000546,3.999999999999912,0.0008004649885280027,624.6369387366339,0.0,0.0,0.0,0.0,0.0,0.0,0.0,0.0,0.0,0.0,0,CHFJPY,2026-04-10 15:00:00+00:00,201.7689971923828,202.09201522842864,200.47692504819955,0.1022397695138973
0,0,0.0,0,0,0,0,0,1,0,0,0.75,0.9000000000000001,0,0,0,0,0,,0,1.139280789539076,0.0,-1,1,0,1,0.7249715935494514,2.000000000000078,3.9999999999998024,0.0007134164842463296,700.8528833311058,0.0,0.0,0.0,0.0,0.0,0.0,0.0,0.0,0.0,0.0,0,CHFJPY,2026-04-10 15:30:00+00:00,201.7779998779297,202.06590338047204,200.62638586776035,0.11836913865723453
0,0,0.0,0,1,1,0,0,0,1,0,0.9000000000000001,0.75,0,0,0,0,0,,0,0.9736594213718264,1.0,2,1,1,1,0.8443103273973152,5.022507835873254,4.0,0.00040869722438466387,487.16680550977,0.0,0.0,0.0,0.0,0.0,0.0,0.0,0.0,0.0,0.0,0,NZDJPY,2026-04-10 18:00:00+00:00,92.96800231933594,93.15883634428978,92.20466621952056,0.285472834144784
0,0,0.0,0,0,1,0,0,0,1,0,0.75,0.9000000000000001,0,0,0,0,0,,0,2.270476204999964,0.0,2,1,0,1,0.6771536153211002,7.212123043230244,4.0,0.00035801755344263257,387.28667253297664,0.0,0.0,0.0,0.0,0.0,0.0,0.0,0.0,0.0,0.0,0,CHFJPY,2026-04-10 18:00:00+00:00,201.75599670410156,202.27694413403648,199.67220698436188,0.11865632348358052
0,0,0.0,0,1,1,0,0,0,1,0,0.9000000000000001,0.75,0,0,0,0,0,,0,0.9308135163010014,0.0,2,1,1,1,0.8443103273973152,1.3798071889932126,4.0,0.0004268853534638889,1697.7367212098168,0.0,0.0,0.0,0.0,0.0,0.0,0.0,0.0,0.0,0.0,1,NZDJPY,2026-04-10 18:30:00+00:00,93.10399627685547,93.15883634428978,92.88463600711822,0.30607415386765674
0,0,0.0,0,0,1,0,0,0,1,0,0.75,0.9000000000000001,0,0,0,0,0,,0,2.2763816811160638,0.0,2,0,0,1,0.6286137319029884,4.593599880718032,4.0,0.00035675280095318784,610.2101743354015,0.0,0.0,0.0,0.0,0.0,0.0,0.0,0.0,0.0,0.0,0,CHFJPY,2026-04-10 18:30:00+00:00,201.9459991455078,202.27694413403648,200.62221919139313,0.11840960936838403
0,0,0.0,0,1,1,0,0,0,1,0,0.9000000000000001,0.75,0,0,0,0,0,,0,1.0028370025926565,0.621571458032584,2,1,1,1,0.8443103273973152,2.1099072822424865,4.0,0.0003963244460697441,1195.8749467201926,0.0,0.0,0.0,0.0,0.0,0.0,0.0,0.0,0.0,0.0,1,NZDJPY,2026-04-10 19:00:00+00:00,93.08100128173828,93.15883634428978,92.76966103153228,0.34470944725663966
0,0,0.0,0,1,1,0,0,0,1,0,0.9000000000000001,0.75,0,0,0,0,0,,0,1.1478949914885024,1.0,2,1,1,1,0.8443103273973152,3.190858633219295,4.0,0.00034633446944262844,904.8919375503586,0.0,0.0,0.0,0.0,0.0,0.0,0.0,0.0,0.0,0.0,1,NZDJPY,2026-04-10 19:30:00+00:00,93.05599975585938,93.15883634428978,92.64465340213775,0.299384079597746
0,0,0.0,0,0,1,0,0,0,1,0,0.75,0.75,0,0,0,0,0,,0,1.56573102263561,0.0,1,0,0,1,0.6966506664619924,2.0000000000000444,4.0,0.0003882391737317958,1287.8659183047816,0.0,0.0,0.0,0.0,0.0,0.0,0.0,0.0,0.0,0.0,0,CHFJPY,2026-04-13 13:00:00+00:00,202.34500122070312,202.5021177328685,201.71653517204163,0.1390116278320612
0,0,0.0,0,0,1,0,0,0,1,0,0.75,0.75,0,0,0,0,0,,0,1.4407030763424495,0.0,1,0,0,1,0.6966506664619924,0.28135366282633484,4.0,0.00042213603979491556,8419.66854390624,0.0,0.0,0.0,0.0,0.0,0.0,0.0,0.0,0.0,0.0,0,CHFJPY,2026-04-13 13:30:00+00:00,202.2469940185547,202.27101479715944,202.15091090413569,0.20262507551404418
0,0,0.0,0,0,1,0,0,0,1,0,0.75,0.55,0,0,0,0,0,,0,0.5768173496026597,0.0,0,0,0,1,0.7036880181859911,0.9317531937811115,4.0,0.0004200917044172014,2554.788804604583,0.0,0.0,0.0,0.0,0.0,0.0,0.0,0.0,0.0,0.0,0,CADJPY,2026-04-14 08:15:00+00:00,115.5510025024414,115.59623168236195,115.37008578275925,0.18049831497841656
0,0,0.0,0,0,1,0,0,0,1,0,0.75,0.55,0,0,0,0,0,,0,0.5557448173528865,0.0,0,0,0,1,0.7036880181859911,0.8977139970781919,4.0,0.00043602059068439014,2554.788804604583,0.0,0.0,0.0,0.0,0.0,0.0,0.0,0.0,0.0,0.0,0,CADJPY,2026-04-14 08:45:00+00:00,115.5510025024414,115.59623168236195,115.37008578275925,0.17753769683898182
0,0,0.0,0,0,1,0,0,0,1,0,0.75,0.55,0,0,0,0,0,,0,0.48285575045879464,0.0,0,0,1,1,0.7903195310527981,2.5198090278593632,4.0,0.0005022744012530935,790.1168575841737,0.0,0.0,0.0,0.0,0.0,0.0,0.0,0.0,0.0,0.0,0,CADJPY,2026-04-14 09:15:00+00:00,115.45099639892578,115.59711528664566,114.86652084804626,0.10333712450972331
0,0,0.0,0,0,1,0,0,0,1,0,0.75,0.55,0,0,0,0,0,,0,0.5089620350301265,0.0,0,0,1,1,0.7903195310527981,2.4015650780072675,4.0,0.00047645337054332747,873.9472833073823,0.0,0.0,0.0,0.0,0.0,0.0,0.0,0.0,0.0,0.0,0,CADJPY,2026-04-14 09:45:00+00:00,115.46499633789062,115.59711528664566,114.93652054287048,0.10333712450972331
0,0,0.0,0,0,1,0,0,0,1,0,0.75,0.55,0,0,0,0,0,,0,0.5411383310999325,0.0,1,0,1,1,0.777722647263906,2.524254981866377,4.0,0.00044811935896321817,884.0423531333814,0.0,0.0,0.0,0.0,0.0,0.0,0.0,0.0,0.0,0.0,0,CADJPY,2026-04-14 12:00:00+00:00,115.46600341796875,115.59661481119976,114.94355784504472,0.1213678954707322
0,0,0.0,0,0,1,0,0,0,1,0,0.75,0.55,0,0,0,0,0,,0,0.5079626636468494,0.0,1,0,1,1,0.777722647263906,1.8979390366328914,4.0,0.0004772791428564446,1103.9395315751397,0.0,0.0,0.0,0.0,0.0,0.0,0.0,0.0,0.0,0.0,0,CADJPY,2026-04-14 12:30:00+00:00,115.49199676513672,115.59661481119976,115.07352458088457,0.13452568601777729
0,0,0.0,0,0,0,0,0,1,0,0,0.75,0.75,0,0,0,0,0,,0,0.8400922072293308,1.0,0,0,0,1,0.681308035905298,1.999999999999918,4.000000000000176,0.0003505938372991295,1426.1517083468195,0.0,0.0,0.0,0.0,0.0,0.0,0.0,0.0,0.0,0.0,0,CADJPY,2026-04-15 07:00:00+00:00,115.4520034790039,115.53295700085106,115.1281893916153,0.15181118406738034
0,0,0.0,0,0,0,0,0,1,0,0,0.75,0.75,0,0,0,0,0,,0,0.7898135987906904,1.0,0,0,0,1,0.681308035905298,2.000000000000051,3.999999999999835,0.0003728896339161327,1340.8793233239708,0.0,0.0,0.0,0.0,0.0,0.0,0.0,0.0,0.0,0.0,0,CADJPY,2026-04-15 07:30:00+00:00,115.45899963378906,115.5451065620006,115.11457192094294,0.1493808579205617
0,0,0.0,0,0,0,0,0,1,0,0,0.75,0.75,0,0,0,0,0,,0,0.6875650908554493,1.0,-1,1,1,1,0.7940861652258628,2.0000000000000564,3.999999999999856,0.0004286654308119613,1166.4108277938471,0.0,0.0,0.0,0.0,0.0,0.0,0.0,0.0,0.0,0.0,0,CADJPY,2026-04-15 10:00:00+00:00,115.37200164794922,115.47091362552933,114.97635373762877,0.11085439740129256
0,0,0.0,0,0,0,0,0,1,0,0,0.75,0.75,0,0,0,0,0,,0,0.7181044960969584,1.0,-1,0,1,1,0.765184333857537,1.9999999999999103,4.00000000000015,0.0004103392012041004,1218.5041022959083,0.0,0.0,0.0,0.0,0.0,0.0,0.0,0.0,0.0,0.0,0,CADJPY,2026-04-15 10:30:00+00:00,115.39900207519531,115.49370754385788,115.02018020054503,0.1107977072405025
0,0,0.0,0,0,1,0,0,0,1,0,0.75,0.75,0,0,0,0,0,,0,0.6552493764225288,0.0,1,0,1,1,0.7878569810099082,1.760352818304985,4.0,0.0004492729356591304,1264.4161163177653,0.0,0.0,0.0,0.0,0.0,0.0,0.0,0.0,0.0,0.0,0,CADJPY,2026-04-15 13:00:00+00:00,115.50900268554688,115.60035631604467,115.1435881635557,0.14649290694896555
0,0,0.0,0,0,1,0,0,0,1,0,0.75,0.75,0,0,0,0,0,,0,0.7191679432321575,0.0884002692393987,1,0,1,1,0.8037454578986064,2.312874933746677,4.0,0.00040940604942186224,1056.0721626356265,0.0,0.0,0.0,0.0,0.0,0.0,0.0,0.0,0.0,0.0,0,CADJPY,2026-04-15 13:30:00+00:00,115.49099731445312,115.60035631604467,115.05356130808696,0.24770187783284284
0,0,0.0,0,0,0,0,0,1,0,0,0.75,0.75,0,0,0,0,0,,0,0.1436657743159708,1.0,2,0,1,1,0.6997306219732784,2.0000000000000426,3.9999999999998725,0.0004809693943174741,1039.567186410106,0.0,0.0,0.0,0.0,0.0,0.0,0.0,0.0,0.0,0.0,0,CADJPY,2026-04-17 19:00:00+00:00,115.822998046875,115.93441268131228,115.37733950912589,0.14405297700331474
0,0,0.0,0,0,0,0,0,1,0,0,0.75,0.75,0,0,0,0,0,,0,0.15496175976664492,1.0,2,0,1,1,0.6997306219732784,1.9999999999999538,4.000000000000138,0.0004457819520157596,1121.6245918864279,0.0,0.0,0.0,0.0,0.0,0.0,0.0,0.0,0.0,0.0,0,CADJPY,2026-04-17 19:30:00+00:00,115.85600280761719,115.95929583778583,115.4428306869426,0.15506270536183683
0,0,0.0,0,0,0,0,0,1,0,0,0.9000000000000001,0.9000000000000001,0,0,0,0,0,,0,2.6935870212761976,1.0,1,1,1,1,0.8507567271103772,2.000000000000201,3.9999999999997233,0.000230302440254897,2171.058193940774,0.0,0.0,0.0,0.0,0.0,0.0,0.0,0.0,0.0,0.0,0,EURGBP,2026-04-20 12:00:00+00:00,0.8705199956893921,0.870920961447988,0.8689161326550084,0.3298763022058633
0,0,0.0,0,0,0,0,0,1,0,0,0.75,0.75,0,0,0,0,0,,0,0.1812850137118043,1.0,1,0,0,1,0.665818365479927,1.9999999999999236,4.000000000000161,0.00038047151518469147,1314.1588267318914,0.0,0.0,0.0,0.0,0.0,0.0,0.0,0.0,0.0,0.0,0,CADJPY,2026-04-20 12:00:00+00:00,116.03299713134766,116.12129163180762,115.67981912950778,0.13679374018657475
0,0,0.0,0,0,0,0,0,1,0,0,0.75,0.75,0,0,0,0,0,,0,0.16513430191042627,1.0,1,0,0,1,0.665818365479927,1.9999999999999543,4.0000000000001465,0.0004177945728301817,1196.7603997652773,0.0,0.0,0.0,0.0,0.0,0.0,0.0,0.0,0.0,0.0,0,CADJPY,2026-04-20 12:30:00+00:00,116.00199890136719,116.09892891252407,115.61427885673963,0.12448610912742555
0,0,0.0,0,0,0,0,0,1,0,0,0.9000000000000001,0.9000000000000001,0,0,0,0,0,,0,2.7653613292013657,1.0,1,0,1,1,0.8183767212442764,2.0000000000000395,4.0,0.0002243018036146676,2229.1394538179898,0.0,0.0,0.0,0.0,0.0,0.0,0.0,0.0,0.0,0.0,0,EURGBP,2026-04-20 12:30:00+00:00,0.8706099987030029,0.871000557488911,0.8690477635593705,0.3620734137120766
0,0,0.0,0,1,0,0,0,0,0,0,0.9000000000000001,0.9000000000000001,0,0,0,0,0,,0,4.168348847803377,1.0,2,0,1,1,0.7939650046861083,6.076798637509241,4.0,0.00014880262861719095,1105.8966721063593,0.0,0.0,0.0,0.0,0.0,0.0,0.0,0.0,0.0,0.0,0,EURGBP,2026-04-20 19:45:00+00:00,0.8706300258636475,0.871417287501939,0.8674809793104812,0.12091116807616065
0,0,0.0,0,1,0,0,0,0,0,0,0.9000000000000001,0.9000000000000001,0,0,0,0,0,,0,2.8269430422587054,0.4629139072847682,0,0,1,1,0.8682335232145044,2.274211608225196,4.0,0.00021932242982673243,2004.8693631303088,0.0,0.0,0.0,0.0,0.0,0.0,0.0,0.0,0.0,0.0,0,EURGBP,2026-04-21 07:00:00+00:00,0.8709800243377686,0.8714144566456062,0.8692422951064178,0.25640186418431377
0,0,0.0,0,1,0,0,0,0,0,0,0.9000000000000001,0.9000000000000001,0,0,0,0,0,,0,2.859304890272212,0.740728476821192,0,0,1,1,0.8682335232145044,3.0946025387739753,4.0,0.0002168774773122725,1489.9807912849806,0.0,0.0,0.0,0.0,0.0,0.0,0.0,0.0,0.0,0.0,0,EURGBP,2026-04-21 07:30:00+00:00,0.8708299994468689,0.8714144566456062,0.8684921706519195,0.2462228251653335
0,0,0.0,0,0,0,0,0,1,0,0,0.9000000000000001,0.9000000000000001,0,0,0,0,0,,0,2.5894169213404945,0.6481236203090508,0,0,1,1,0.8316320848232034,1.9999999999997493,4.000000000000532,0.0002394682823958616,2087.9591860667365,0.0,0.0,0.0,0.0,0.0,0.0,0.0,0.0,0.0,0.0,0,EURGBP,2026-04-21 08:00:00+00:00,0.8708800077438354,0.87129710402309,0.869211622626817,0.30346855281900215
0,0,0.0,0,0,0,0,0,1,0,0,0.9000000000000001,0.9000000000000001,0,0,0,0,0,,0,1.5408242756505142,0.3147902869757174,0,0,1,1,0.8316320848232034,1.9999999999999731,4.0,0.00040235287768310314,1242.6902545824746,0.0,0.0,0.0,0.0,0.0,0.0,0.0,0.0,0.0,0.0,1,EURGBP,2026-04-21 08:30:00+00:00,0.8710600137710571,0.8717609607774081,0.8682562257456534,0.35739774662256396
0,0,0.0,0,0,0,0,0,1,0,0,0.75,0.75,0,0,0,0,0,,0,0.16007819340818172,0.0,0,0,1,1,0.765184333857537,1.9999999999999747,4.0,0.0004288538662750083,1165.8983148338334,0.0,0.0,0.0,0.0,0.0,0.0,0.0,0.0,0.0,0.0,0,CADJPY,2026-04-21 09:00:00+00:00,116.58000183105469,116.67999340008588,116.18003555492993,0.11007827311848688
0,0,0.0,0,0,0,0,0,1,0,0,0.75,0.75,0,0,0,0,0,,0,0.16841574325533043,0.0,0,0,1,1,0.765184333857537,2.000000000000073,3.9999999999998503,0.00040779454209842844,1226.1076311298398,0.0,0.0,0.0,0.0,0.0,0.0,0.0,0.0,0.0,0.0,0,CADJPY,2026-04-21 09:30:00+00:00,116.53099822998047,116.62603964010741,116.15083258947273,0.11080917658243487
0,0,0.0,0,0,0,0,0,1,0,0,0.75,0.75,0,0,0,0,0,,0,0.1789084093871605,0.0,-1,0,1,1,0.765184333857537,2.000000000000092,3.999999999999841,0.0003837957608179381,1302.7762446734343,0.0,0.0,0.0,0.0,0.0,0.0,0.0,0.0,0.0,0.0,0,CADJPY,2026-04-21 10:00:00+00:00,116.55599975585938,116.64546715306777,116.19813016702581,0.11708480756749412
0,0,0.0,0,0,0,0,0,1,0,0,0.75,0.75,0,0,0,0,0,,0,0.18598162769373303,0.0,-1,0,1,1,0.765184333857537,2.000000000000143,3.9999999999996696,0.0003691613023668413,1354.4214867437715,0.0,0.0,0.0,0.0,0.0,0.0,0.0,0.0,0.0,0.0,0,CADJPY,2026-04-21 10:30:00+00:00,116.56800079345703,116.65406558343146,116.22374163355934,0.18467798815288114
0,0,0.0,0,0,0,0,0,1,0,0,0.9000000000000001,0.9000000000000001,0,0,0,0,0,,0,2.2521272537449883,1.0,1,0,1,1,0.8183767212442764,2.0000000000002176,3.999999999999537,0.0002756075572780355,1814.173765545699,0.0,0.0,0.0,0.0,0.0,0.0,0.0,0.0,0.0,0.0,1,EURGBP,2026-04-21 14:00:00+00:00,0.8700100183486938,0.8704895810206229,0.8680917676609778,0.32928662060153924
0,0,0.0,0,0,0,0,0,1,0,0,0.9000000000000001,0.9000000000000001,0,0,0,0,0,,0,2.3199414588777874,1.0,1,0,1,1,0.8183767212442764,2.0000000000001212,3.9999999999997615,0.00026755743223261176,1868.7576563572143,0.0,0.0,0.0,0.0,0.0,0.0,0.0,0.0,0.0,0.0,1,EURGBP,2026-04-21 14:30:00+00:00,0.8699899911880493,0.87045553576427,0.8681278128831665,0.3760505497481415
0,0,0.0,0,0,0,0,0,1,0,0,0.9000000000000001,0.9000000000000001,0,0,0,0,0,,0,2.742121807656954,1.0,2,0,0,1,0.6468619289653994,1.999999999999924,4.0000000000002816,0.00022644465947127074,2208.045008292432,0.0,0.0,0.0,0.0,0.0,0.0,0.0,0.0,0.0,0.0,0,EURGBP,2026-04-21 18:30:00+00:00,0.8696799874305725,0.8700738562077779,0.8681045123217509,0.2392062832744793
0,0,0.0,0,0,1,0,0,0,1,0,0.75,0.75,0,0,0,0,0,,0,0.18500723834663768,0.0,0,0,1,1,0.8006180120367974,2.0000000000000706,4.0,0.0003704953377665264,1349.5446474823536,0.0,0.0,0.0,0.0,0.0,0.0,0.0,0.0,0.0,0.0,0,CADJPY,2026-04-22 09:00:00+00:00,116.76000213623047,116.84652020908864,116.41392984479779,0.18910026693702245
0,0,0.0,0,0,1,0,0,0,1,0,0.75,0.75,0,0,0,0,0,,0,0.19427933764410552,0.0,0,0,1,1,0.8006180120367974,1.0692829342021406,4.0,0.000352973449776017,2649.5085477182665,0.0,0.0,0.0,0.0,0.0,0.0,0.0,0.0,0.0,0.0,1,CADJPY,2026-04-22 09:30:00+00:00,116.70700073242188,116.75104927902231,116.53080654602013,0.1841753937199023
0,0,0.0,0,1,0,0,0,0,0,0,0.75,0.75,0,0,0,0,0,,0,3.354226195527514,1.0,1,0,1,1,0.7878569810099082,6.211270818368584,4.0,0.0002749446113021525,585.5639373650602,0.0,0.0,0.0,0.0,0.0,0.0,0.0,0.0,0.0,0.0,0,EURJPY,2026-04-23 12:00:00+00:00,186.5019989013672,186.82049870472017,185.22799968795528,0.12091116807616065
0,0,0.0,0,1,0,0,0,0,0,0,0.75,0.75,0,0,0,0,0,,0,3.2236630494175547,1.0,1,0,1,1,0.7878569810099082,6.175695054605679,4.0,0.0002860971534355116,565.9793943913672,0.0,0.0,0.0,0.0,0.0,0.0,0.0,0.0,0.0,0.0,0,EURJPY,2026-04-23 12:30:00+00:00,186.49099731445312,186.82049870472017,185.17299175338496,0.12091116807616065
0,0,0.0,0,1,0,0,0,0,0,0,0.75,0.75,0,0,0,0,0,,0,3.2774542363376913,1.0,1,0,1,1,0.7878569810099082,6.069106455565456,4.0,0.00028138498695845374,585.5639373650602,0.0,0.0,0.0,0.0,0.0,0.0,0.0,0.0,0.0,0.0,0,EURJPY,2026-04-23 13:00:00+00:00,186.5019989013672,186.82049870472017,185.22799968795528,0.12091116807616065
0,0,0.0,0,1,0,0,0,0,0,0,0.75,0.75,0,0,0,0,0,,0,3.319008412400083,1.0,1,0,1,1,0.7878569810099082,5.798607771258544,4.0,0.0002778352078425696,620.7103501723301,0.0,0.0,0.0,0.0,0.0,0.0,0.0,0.0,0.0,0.0,0,EURJPY,2026-04-23 13:30:00+00:00,186.52000427246094,186.82049870472017,185.31802654342403,0.12091116807616065
0,0,0.0,0,1,0,0,0,0,0,0,0.75,0.75,0,0,0,0,0,,0,2.8995228428798447,1.0,1,0,1,1,0.7878569810099082,3.953198720620039,4.0,0.0003179182534511471,795.6753245941695,0.0,0.0,0.0,0.0,0.0,0.0,0.0,0.0,0.0,0.0,0,EURJPY,2026-04-23 14:00:00+00:00,186.58599853515625,186.82049870472017,185.6479978569006,0.12091116807616065
0,0,0.0,0,1,0,0,0,0,0,0,0.75,0.75,0,0,0,0,0,,0,2.937548424873845,0.18603619588360543,1,0,1,1,0.7878569810099082,1.5457058517433442,4.0,0.0003135609182664262,2063.2469952218125,0.0,0.0,0.0,0.0,0.0,0.0,0.0,0.0,0.0,0.0,0,EURJPY,2026-04-23 14:30:00+00:00,186.72999572753906,186.82049870472017,186.36798381881465,0.2619507675195684
0,0,0.0,0,1,0,0,0,0,0,0,0.75,0.75,0,0,0,0,0,,0,2.9527518197541194,0.6744144783534421,-1,1,1,1,0.8308582113593306,2.9957655741334697,4.0,0.0003120868183567867,1069.5885583377353,0.0,0.0,0.0,0.0,0.0,0.0,0.0,0.0,0.0,0.0,0,EURJPY,2026-04-23 15:00:00+00:00,186.64599609375,186.82049870472017,185.94798564986934,0.2588311520581085
0,0,0.0,0,1,0,0,0,0,0,0,0.75,0.75,0,0,0,0,0,,0,3.045320844274424,0.7616217175301632,-1,1,1,1,0.8308582113593306,3.355257106804312,4.0,0.0003026245933995205,984.8497435112587,0.0,0.0,0.0,0.0,0.0,0.0,0.0,0.0,0.0,0.0,0,EURJPY,2026-04-23 15:30:00+00:00,186.63099670410156,186.82049870472017,185.87298870162715,0.2588311520581085
0,0,0.0,0,0,1,0,0,0,1,0,0.75,0.75,0,0,0,0,0,,0,0.1935666740951597,0.0,0,0,1,1,0.8006180120367974,3.3695311409205373,4.0,0.00035504572019019986,835.884445254706,0.0,0.0,0.0,0.0,0.0,0.0,0.0,0.0,0.0,0.0,0,CADJPY,2026-04-24 07:00:00+00:00,116.4530029296875,116.59232003696326,115.89573450058447,0.1682719265119817
0,0,0.0,0,1,0,0,0,0,0,0,0.9000000000000001,0.75,0,0,0,0,0,,0,4.099252914137028,1.0,0,0,1,1,0.805669363407118,7.684932247183985,4.0,0.00022498391187796512,578.3736426384934,0.0,0.0,0.0,0.0,0.0,0.0,0.0,0.0,0.0,0.0,0,EURJPY,2026-04-24 07:00:00+00:00,186.49400329589844,186.8164488389649,185.20422112363258,0.24961066330755002
0,0,0.0,0,1,0,0,0,0,0,0,0.9000000000000001,0.75,0,0,0,0,0,,0,3.9041769095148533,1.0,0,1,1,1,0.8361003576780414,7.024121024043936,4.0,0.00023620898620571417,602.7144428390812,0.0,0.0,0.0,0.0,0.0,0.0,0.0,0.0,0.0,0.0,0,EURJPY,2026-04-24 07:30:00+00:00,186.5070037841797,186.8164488389649,185.26922356503883,0.2588311520581085
0,0,0.0,0,0,1,0,0,0,1,0,0.75,0.75,0,0,0,0,0,,0,0.19524120542821688,0.0,0,1,1,1,0.8451861686138951,2.5693243615045094,4.0,0.00035189785757144853,1106.0237236881119,0.0,0.0,0.0,0.0,0.0,0.0,0.0,0.0,0.0,0.0,0,CADJPY,2026-04-24 07:30:00+00:00,116.48699951171875,116.59232003696326,116.06571741074072,0.21934293986300935
0,0,0.0,0,1,0,0,0,0,0,0,0.75,0.75,0,0,0,0,0,,0,3.2084394736125637,0.8779276082327893,0,0,1,1,0.8006180120367974,3.837580615713135,4.0,0.00028726980268301044,907.0944550070031,0.0,0.0,0.0,0.0,0.0,0.0,0.0,0.0,0.0,0.0,0,EURJPY,2026-04-24 08:00:00+00:00,186.61099243164062,186.81671631342778,185.78809690449202,0.18849873651081267
0,0,0.0,0,1,0,0,0,0,0,0,0.75,0.75,0,0,0,0,0,,0,3.157053749173412,0.17441447835344215,0,0,1,1,0.8006180120367974,1.5550899283865953,4.0,0.0002917563635829589,2204.0637610488275,0.0,0.0,0.0,0.0,0.0,0.0,0.0,0.0,0.0,0.0,0,EURJPY,2026-04-24 08:30:00+00:00,186.73199462890625,186.81671631342778,186.39310789082015,0.2081402818449885
0,0,0.0,0,1,0,0,0,0,0,0,0.75,0.75,0,0,0,0,0,,0,3.471742718424571,0.4360361958836054,0,0,1,1,0.8006180120367974,2.6183815566762485,4.0,0.0002653746580927318,1439.1551599130187,0.0,0.0,0.0,0.0,0.0,0.0,0.0,0.0,0.0,0.0,0,EURJPY,2026-04-24 09:00:00+00:00,186.68699645996094,186.81671631342778,186.16811704609358,0.18308014479868923
0,0,0.0,0,1,0,0,0,0,0,0,0.75,0.75,0,0,0,0,0,,0,3.8368663958928066,0.5290099361249112,0,0,1,1,0.8006180120367974,3.250484938534135,4.0,0.00024014165890854657,1281.1038476187655,0.0,0.0,0.0,0.0,0.0,0.0,0.0,0.0,0.0,0.0,0,EURJPY,2026-04-24 09:30:00+00:00,186.67100524902344,186.81671631342778,186.08816099140608,0.1578484868542477
0,0,0.0,0,1,0,0,0,0,0,0,0.75,0.75,0,0,0,0,0,,0,4.231125501094868,0.3778388928317956,-1,0,1,1,0.8006180120367974,2.944866470606957,4.0,0.00021773477067744314,1559.5762194431875,0.0,0.0,0.0,0.0,0.0,0.0,0.0,0.0,0.0,0.0,0,EURJPY,2026-04-24 10:00:00+00:00,186.69700622558594,186.81671631342778,186.21816587421858,0.17890254790715016
0,0,0.0,0,1,0,0,0,0,0,0,0.75,0.75,0,0,0,0,0,,0,4.1271970174851,0.0,-1,0,1,1,0.8006180120367974,0.9531951603146303,4.0,0.000223122038801626,4701.925045871196,0.0,0.0,0.0,0.0,0.0,0.0,0.0,0.0,0.0,0.0,0,EURJPY,2026-04-24 10:30:00+00:00,186.77699279785156,186.81671631342778,186.6180987355467,0.20558269972138377
0,0,0.0,0,1,0,0,0,0,0,0,0.75,0.75,0,0,0,0,0,,0,3.335517418702778,0.04648687012065289,1,0,1,1,0.7878569810099082,1.1909130503673828,4.0,0.00027611368309577437,3041.109210236215,0.0,0.0,0.0,0.0,0.0,0.0,0.0,0.0,0.0,0.0,0,EURJPY,2026-04-24 12:00:00+00:00,186.75399780273438,186.81540763213943,186.50835848511417,0.2613223271682029
0,0,0.0,0,1,0,0,0,0,0,0,0.75,0.75,0,0,0,0,0,,0,3.362361862812204,0.0,1,0,1,1,0.7878569810099082,0.32083070447064643,4.0,0.00027384326284298383,11382.089973768545,0.0,0.0,0.0,0.0,0.0,0.0,0.0,0.0,0.0,0.0,0,EURJPY,2026-04-24 12:30:00+00:00,186.7989959716797,186.81540763213943,186.73334932984073,0.26602758198622417
0,0,0.0,0,1,0,0,0,0,0,0,0.75,0.75,0,0,0,0,0,,0,3.741273587641367,0.0,1,0,1,1,0.7878569810099082,0.37855985849925605,4.0,0.00024611005067207007,10733.369727196301,0.0,0.0,0.0,0.0,0.0,0.0,0.0,0.0,0.0,0.0,0,EURJPY,2026-04-24 13:00:00+00:00,186.79800415039062,186.81540763213943,186.72839022339542,0.26602758198622417
0,0,0.0,0,1,0,0,0,0,0,0,0.75,0.75,0,0,0,0,0,,0,3.648220874745757,0.0,1,0,1,1,0.7878569810099082,1.0268080060878966,4.0,0.0002524293137275388,3858.0776758225848,0.0,0.0,0.0,0.0,0.0,0.0,0.0,0.0,0.0,0.0,0,EURJPY,2026-04-24 13:30:00+00:00,186.76699829101562,186.81540763213943,186.57336092652042,0.26602758198622417
0,0,0.0,0,0,1,0,0,0,1,0,0.75,0.75,0,0,0,0,0,,0,0.14049882520973625,0.0,1,1,1,1,0.8190294386379332,1.8016795132824237,4.0,0.0004889863990235605,1135.0779317915928,0.0,0.0,0.0,0.0,0.0,0.0,0.0,0.0,0.0,0.0,0,CADJPY,2026-04-24 14:00:00+00:00,116.49199676513672,116.59462583887905,116.08148047016738,0.27592803840369484
0,0,0.0,0,1,0,0,0,0,0,0,0.75,0.75,0,0,0,0,0,,0,3.198091675427946,0.0,1,0,1,1,0.7878569810099082,0.7514478667371236,4.0,0.00028794623852187914,4621.5721182197185,0.0,0.0,0.0,0.0,0.0,0.0,0.0,0.0,0.0,0.0,0,EURJPY,2026-04-24 14:00:00+00:00,186.77499389648438,186.81540763213943,186.61333895386417,0.26602758198622417
0,0,0.0,0,0,1,0,0,0,1,0,0.75,0.75,0,0,0,0,0,,0,0.14808057089541246,0.0,1,1,1,1,0.8190294386379332,1.7323306452579905,4.0,0.00046391437580917003,1244.3179929943356,0.0,0.0,0.0,0.0,0.0,0.0,0.0,0.0,0.0,0.0,0,CADJPY,2026-04-24 14:30:00+00:00,116.5009994506836,116.59462583887905,116.12649389790175,0.27592803840369484
0,0,0.0,0,1,0,0,0,0,0,0,0.75,0.75,0,0,0,0,0,,0,3.0560792245304165,0.0,1,0,1,1,0.7878569810099082,0.949074886970795,4.0,0.00030134774101279365,3496.4842628983392,0.0,0.0,0.0,0.0,0.0,0.0,0.0,0.0,0.0,0.0,0,EURJPY,2026-04-24 14:30:00+00:00,186.76199340820312,186.81540763213943,186.54833651245792,0.26602758198622417
0,0,0.0,0,0,0,0,0,1,0,0,0.75,0.75,0,0,0,0,0,,0,0.13914256608976622,0.0,-1,0,1,1,0.765184333857537,2.000000000000084,3.9999999999998765,0.0004933714894810775,1013.4351308501294,0.0,0.0,0.0,0.0,0.0,0.0,0.0,0.0,0.0,0.0,0,CADJPY,2026-04-24 15:00:00+00:00,116.58200073242188,116.69703720311796,116.12185484963756,0.10563761325709656
0,0,0.0,0,1,0,0,0,1,0,0,0.75,0.75,0,0,0,0,0,,0,2.9799168640974236,0.0,-1,0,1,1,0.8006180120367974,0.8212628088938534,4.0,0.0003090398048051298,3940.0653312956647,0.0,0.0,0.0,0.0,0.0,0.0,0.0,0.0,0.0,0.0,0,EURJPY,2026-04-24 15:00:00+00:00,186.76800537109375,186.81540763213943,186.57839632691105,0.21147987752717376
0,0,0.0,0,1,0,0,0,1,0,0,0.75,0.75,0,0,0,0,0,,0,3.1251074699035586,0.25,-1,0,1,1,0.8006180120367974,1.7517886902595556,4.0,0.00029475935217370205,1936.6479857509105,0.0,0.0,0.0,0.0,0.0,0.0,0.0,0.0,0.0,0.0,0,EURJPY,2026-04-24 15:30:00+00:00,186.718994140625,186.81540763213943,186.3333401745673,0.2081402818449885
0,0,0.0,0,0,0,0,0,1,0,0,0.75,0.75,0,0,0,0,0,,0,0.14724361203623254,0.0,-1,0,1,1,0.765184333857537,2.000000000000123,3.9999999999997384,0.00046617520234807687,1072.558122957893,0.0,0.0,0.0,0.0,0.0,0.0,0.0,0.0,0.0,0.0,0,CADJPY,2026-04-24 15:30:00+00:00,116.59500122070312,116.7037086172768,116.16017163440844,0.10563761325709656
0,0,0.0,0,0,0,1,0,0,0,0,0.75,0.75,0,0,0,0,0,,0,0.18193917688293545,0.0,2,0,1,1,0.6640120126937542,2.0000000000000777,3.9999999999998384,0.00037724060103082774,1325.414068988616,0.0,0.0,0.0,0.0,0.0,0.0,0.0,0.0,0.0,0.0,0,CADJPY,2026-04-24 18:00:00+00:00,116.60600280761719,116.69397984478309,116.2540946589536,0.23917427537345926
0,0,0.0,0,0,0,1,0,0,0,0,0.75,0.75,0,0,0,0,0,,0,0.19249554886153214,0.0,2,0,1,1,0.6640120126937542,2.0000000000000897,3.999999999999829,0.00035639397575479997,1402.9417835726238,0.0,0.0,0.0,0.0,0.0,0.0,0.0,0.0,0.0,0.0,0,CADJPY,2026-04-24 18:30:00+00:00,116.65799713134766,116.74114954615013,116.32538747213779,0.23917427537345926
0,0,0.0,0,0,0,1,0,0,0,0,0.75,0.75,0,0,0,0,0,,0,0.20743641248858477,0.0,2,0,1,1,0.6640120126937542,2.000000000000168,3.999999999999632,0.0003307667883787861,1511.6390688758331,0.0,0.0,0.0,0.0,0.0,0.0,0.0,0.0,0.0,0.0,0,CADJPY,2026-04-24 19:00:00+00:00,116.64299774169922,116.72016100119902,116.33434470370005,0.20718833264117598
0,0,0.0,0,0,0,1,0,0,0,0,0.75,0.75,0,0,0,0,0,,0,0.21919927543446116,0.0,2,0,1,1,0.6640120126937542,2.000000000000115,3.9999999999998055,0.0003129659001088679,1597.618142507033,0.0,0.0,0.0,0.0,0.0,0.0,0.0,0.0,0.0,0.0,0,CADJPY,2026-04-24 19:30:00+00:00,116.66200256347656,116.73502502075813,116.36991273435031,0.246866549375096
0,0,0.0,0,0,0,0,0,1,0,0,0.75,0.75,0,0,0,0,0,,0,3.728199646594669,0.0,1,0,1,1,0.75298807936558,1.9999999999998403,4.000000000000308,0.000246644336915178,2027.2105423283729,0.0,0.0,0.0,0.0,0.0,0.0,0.0,0.0,0.0,0.0,1,EURJPY,2026-04-27 13:00:00+00:00,187.0469970703125,187.13926523544126,186.67792440979744,0.3048427241619525
0,0,0.0,0,0,0,0,0,1,0,0,0.75,0.75,0,0,0,0,0,,0,3.67384793123086,0.0,1,0,1,1,0.75298807936558,2.000000000000126,3.9999999999996962,0.00025031599554739775,1997.4752268889372,0.0,0.0,0.0,0.0,0.0,0.0,0.0,0.0,0.0,0.0,1,EURJPY,2026-04-27 13:30:00+00:00,187.02999877929688,187.12363197998022,186.65546597656353,0.3048427241619525
0,0,0.0,0,0,0,0,0,1,0,0,0.75,0.75,0,0,0,0,0,,0,0.1585050517549349,0.0,2,0,1,1,0.6997306219732784,2.0000000000000204,4.0,0.0003775236858066334,1324.4202120237128,0.0,0.0,0.0,0.0,0.0,0.0,0.0,0.0,0.0,0.0,1,CADJPY,2026-04-27 18:00:00+00:00,117.04299926757812,117.13137227654084,116.68950723172725,0.31933003053827413
0,0,0.0,0,0,0,0,0,1,0,0,0.75,0.75,0,0,0,0,0,,0,0.16130489892526023,0.0,2,0,1,1,0.6997306219732784,2.000000000000085,3.9999999999998366,0.0003710183715934176,1347.6421608251421,0.0,0.0,0.0,0.0,0.0,0.0,0.0,0.0,0.0,0.0,1,CADJPY,2026-04-27 18:30:00+00:00,117.02799987792969,117.11483895382078,116.68064357436533,0.31933003053827413
0,0,0.0,0,0,0,0,0,0,0,1,0.75,0.9000000000000001,0,0,0,0,0,,0,1.4969752382961792,1.0,0,0,1,1,0.7851063906181291,1.9999999999998754,4.000000000000238,0.00039648371345183254,1261.085848008671,0.0,0.0,0.0,0.0,0.0,0.0,0.0,0.0,0.0,0.0,0,NZDUSD,2026-04-28 07:00:00+00:00,0.5887894630432129,0.5892563539087102,0.5869218995812234,0.13835778584498448
0,0,0.0,0,0,0,0,0,0,0,1,0.75,0.9000000000000001,0,0,0,0,0,,0,1.4278451177880773,1.0,0,1,1,1,0.8147606993955285,1.999999999999957,4.0,0.00041543498667371155,1203.5577552179489,0.0,0.0,0.0,0.0,0.0,0.0,0.0,0.0,0.0,0.0,1,NZDUSD,2026-04-28 07:30:00+00:00,0.5891363620758057,0.5896258577892616,0.587178379221982,0.33775893887044506
0,0,0.0,0,0,0,1,0,0,0,0,0.75,0.75,0,0,0,0,0,,0,1.46814433032501,1.0,0,0,1,1,0.7261245594392123,1.9999999999998468,4.000000000000372,0.0003269045458013527,1529.49846192677,0.0,0.0,0.0,0.0,0.0,0.0,0.0,0.0,0.0,0.0,0,CADJPY,2026-04-29 07:15:00+00:00,116.68000030517578,116.7562867501835,116.37485452514485,0.26851926050058633
0,0,0.0,0,0,0,1,0,0,0,0,0.75,0.75,0,0,0,0,0,,0,1.3741069764440201,1.0,0,0,1,1,0.7261245594392123,2.0000000000000284,4.0,0.00034914767102311377,1432.0588149273167,0.0,0.0,0.0,0.0,0.0,0.0,0.0,0.0,0.0,0.0,0,CADJPY,2026-04-29 07:45:00+00:00,116.7229995727539,116.80450669966523,116.39697106510863,0.21553543657274152
0,0,0.0,0,0,0,0,0,1,0,0,0.75,0.75,0,0,0,0,0,,0,1.6057174160789291,0.0,0,0,0,1,0.681308035905298,1.9999999999999114,4.000000000000132,0.0005729781495316763,872.6336255731517,0.0,0.0,0.0,0.0,0.0,0.0,0.0,0.0,0.0,0.0,0,EURJPY,2026-04-29 09:30:00+00:00,186.94500732421875,187.15923813294037,186.08808408933223,0.1093743793912099
0,0,0.0,0,0,0,0,0,1,0,0,0.75,0.75,0,0,0,0,0,,0,1.5057832273152287,0.0,-1,0,0,1,0.681308035905298,2.0000000000000715,3.9999999999998757,0.0006100162496800324,819.650296631022,0.0,0.0,0.0,0.0,0.0,0.0,0.0,0.0,0.0,0.0,0,EURJPY,2026-04-29 15:00:00+00:00,187.2480010986328,187.47644974541336,186.33420651151064,0.10964451488037234
1,0,0.0,0,0,0,0,0,1,0,0,0.9000000000000001,0.75,0,0,0,0,0,,0,2.7663043119424144,1.0,0,0,1,1,0.8229384298753963,1.999999999999907,4.000000000000248,0.0003814808860420055,0.0,0.0,0.0,0.0,0.0,0.0,0.0,0.0,0.0,0.0,0.0,1,NZDUSD,2026-05-05 07:00:00+00:00,0.5875785946846008,0.5871302946787617,0.5893717947079576,0.4037046623788781
1,0,0.0,0,0,0,0,0,1,0,0,0.9000000000000001,0.75,0,0,0,0,0,,0,2.710785106046555,1.0,0,0,1,1,0.8229384298753963,2.000000000000001,4.0,0.00038933971683115394,0.0,0.0,0.0,0.0,0.0,0.0,0.0,0.0,0.0,0.0,0.0,1,NZDUSD,2026-05-05 07:30:00+00:00,0.5875095129013062,0.587052031326529,0.589339439200415,0.40434441609278415
0,0,0.0,0,0,0,0,0,1,0,0,0.75,0.75,0,0,0,0,0,,0,1.2410746747227799,1.0,1,0,1,1,0.75298807936558,2.000000000000123,3.9999999999996834,0.00037999555388831515,1315.8048689878217,0.0,0.0,0.0,0.0,0.0,0.0,0.0,0.0,0.0,0.0,0,GBPCAD,2026-05-05 13:00:00+00:00,1.8447500467300415,1.846152040361627,1.8391420722037002,0.19561892213953555
0,0,0.0,0,0,0,0,0,1,0,0,0.75,0.75,0,0,0,0,0,,0,1.1641307588790863,1.0,1,0,1,1,0.75298807936558,2.0000000000000377,3.9999999999998512,0.0004050544987529935,1234.4017941765803,0.0,0.0,0.0,0.0,0.0,0.0,0.0,0.0,0.0,0.0,0,GBPCAD,2026-05-05 13:30:00+00:00,1.8450100421905518,1.8465047014262193,1.839031405247882,0.1757631114297637
0,0,0.0,0,1,0,0,0,0,0,0,0.75,0.75,0,0,0,0,0,,0,1.2796537938675419,1.0,0,0,0,1,0.7128576228701912,5.1493520476427985,4.0,0.0003683497266727762,527.2141570443644,0.0,0.0,0.0,0.0,0.0,0.0,0.0,0.0,0.0,0.0,0,GBPCAD,2026-05-06 07:00:00+00:00,1.8457000255584717,1.8492008800042357,1.8316966077754158,0.12107154945414099
0,0,0.0,0,1,0,0,0,0,0,0,0.75,0.75,0,0,0,0,0,,0,1.2216045397707802,1.0,0,0,0,1,0.7128576228701912,3.455459527775294,4.0,0.0003856359942312947,750.44112588626,0.0,0.0,0.0,0.0,0.0,0.0,0.0,0.0,0.0,0.0,0,GBPCAD,2026-05-06 07:30:00+00:00,1.8467400074005127,1.8492008800042357,1.8368965169856208,0.11832781528002394
0,0,0.0,0,0,1,0,0,0,1,0,0.75,0.55,0,0,0,0,0,,0,2.1406617220126076,1.0,0,0,1,1,0.8601099552938709,1.757682086060143,4.0,0.0005172176641611473,1099.9838905391227,0.0,0.0,0.0,0.0,0.0,0.0,0.0,0.0,0.0,0.0,0,CADJPY,2026-05-07 08:45:00+00:00,114.7040023803711,114.80828027331746,114.28689080858561,0.29532425427137954
0,0,0.0,0,0,1,0,0,0,1,0,0.75,0.55,0,0,0,0,0,,0,2.279316228181215,1.0,0,0,1,1,0.8601099552938709,0.726831147058926,4.0,0.0004854878421291574,2833.9234279723005,0.0,0.0,0.0,0.0,0.0,0.0,0.0,0.0,0.0,0.0,0,CADJPY,2026-05-07 09:15:00+00:00,114.76699829101562,114.80749585603739,114.60500803092856,0.2435705298261493
0,0,0.0,0,0,1,0,0,0,1,0,0.75,0.55,0,0,0,0,0,,0,2.3924744990832045,1.0,0,0,1,1,0.8601099552938709,0.4048920075218048,4.0,0.0004624488595098456,5340.686472983358,0.0,0.0,0.0,0.0,0.0,0.0,0.0,0.0,0.0,0.0,0,CADJPY,2026-05-07 09:45:00+00:00,114.78600311279297,114.80749585603739,114.70003213981528,0.2435705298261493
0,0,0.0,0,0,1,0,0,0,1,0,0.75,0.55,0,0,0,0,0,,0,2.4931936510910893,1.0,-1,0,1,1,0.8438775755883393,0.32536730202708886,4.0,0.00044375155953959195,6926.059234745242,0.0,0.0,0.0,0.0,0.0,0.0,0.0,0.0,0.0,0.0,1,CADJPY,2026-05-07 10:15:00+00:00,114.79000091552734,114.80657455387275,114.72370636214572,0.26844824635572917
0,0,0.0,0,0,1,0,0,0,1,0,0.75,0.55,0,0,0,0,0,,0,2.6152485564055987,1.0,-1,0,1,1,0.8438775755883393,0.8767256958822253,4.0,0.0004231373057159436,2695.5968994015107,0.0,0.0,0.0,0.0,0.0,0.0,0.0,0.0,0.0,0.0,0,CADJPY,2026-05-07 10:45:00+00:00,114.76399993896484,114.80657455387275,114.59370147933322,0.2729597219526507
0,0,0.0,0,0,0,0,0,1,0,0,0.75,0.55,0,0,0,0,0,,0,2.236825567691586,1.0,1,0,1,1,0.7921471260191156,1.999999999999964,4.000000000000125,0.0004953273217279655,1009.4335161156519,0.0,0.0,0.0,0.0,0.0,0.0,0.0,0.0,0.0,0.0,0,CADJPY,2026-05-07 13:00:00+00:00,114.6240005493164,114.73755334771208,114.1697893557337,0.14605117482118415
0,0,0.0,0,0,0,0,0,1,0,0,0.75,0.55,0,0,0,0,0,,0,2.1147154562726755,1.0,1,0,1,1,0.7921471260191156,1.9999999999998876,4.000000000000236,0.0005236275188593219,954.8772400068576,0.0,0.0,0.0,0.0,0.0,0.0,0.0,0.0,0.0,0.0,0,CADJPY,2026-05-07 13:30:00+00:00,114.69000244140625,114.81011212423897,114.20956371007534,0.14605117482118415
0,0,0.0,0,0,0,0,0,1,0,0,0.75,0.55,0,0,0,0,0,,0,2.207069434207442,1.0,1,0,1,1,0.7921471260191156,2.0000000000000258,4.0,0.000502014174204684,995.9878140734145,0.0,0.0,0.0,0.0,0.0,0.0,0.0,0.0,0.0,0.0,0,CADJPY,2026-05-07 14:00:00+00:00,114.62200164794922,114.73708538695519,114.16166669192535,0.14702881095720552
0,0,0.0,0,0,0,0,0,1,0,0,0.75,0.55,0,0,0,0,0,,0,2.191562728557472,1.0,1,0,0,1,0.7004441625557275,2.000000000000033,3.9999999999998774,0.0005051564034432726,989.7924614869106,0.0,0.0,0.0,0.0,0.0,0.0,0.0,0.0,0.0,0.0,0,CADJPY,2026-05-07 14:30:00+00:00,114.71499633789062,114.83089436783274,114.25140421812218,0.16157857250518926
0,0,0.0,0,0,1,0,0,0,1,0,0.75,0.55,0,0,0,0,0,,0,2.0511486411559163,1.0,-1,0,1,1,0.8601099552938709,2.3547893177677826,4.0,0.000539991711156991,786.4314075584537,0.0,0.0,0.0,0.0,0.0,0.0,0.0,0.0,0.0,0.0,0,CADJPY,2026-05-07 15:00:00+00:00,114.66100311279297,114.80680222764364,114.07780665339027,0.2894787982636586
0,0,0.0,0,0,1,0,0,0,1,0,0.75,0.55,0,0,0,0,0,,0,1.994795875821781,1.0,-1,0,1,1,0.8438775755883393,0.9706961920340029,4.0,0.0005548399471182054,1856.7308458817677,0.0,0.0,0.0,0.0,0.0,0.0,0.0,0.0,0.0,0.0,0,CADJPY,2026-05-07 15:30:00+00:00,114.74500274658203,114.80680222764364,114.49780482233558,0.2435705298261493
0,0,0.0,0,0,0,0,0,1,0,0,0.75,0.75,0,0,0,0,0,,0,1.1686792262243297,1.0,2,0,1,1,0.7471496750803226,2.000000000000071,3.999999999999834,0.00037346766509077,1338.8039895728564,0.0,0.0,0.0,0.0,0.0,0.0,0.0,0.0,0.0,0.0,0,CADJPY,2026-05-08 19:00:00+00:00,114.56400299072266,114.64957489212345,114.22171538511948,0.3324800232035719
0,0,0.0,0,0,0,1,0,0,0,0,0.75,0.75,0,0,0,0,0,,0,0.12468097477017547,0.0,0,0,1,1,0.7261245594392123,2.000000000000201,3.999999999999538,0.00029953761727774796,1669.2394248977478,0.0,0.0,0.0,0.0,0.0,0.0,0.0,0.0,0.0,0.0,1,EURCAD,2026-05-14 07:00:00+00:00,1.6055599451065063,1.606521796307214,1.601712540303676,0.21509342184194277
0,0,0.0,0,0,0,1,0,0,0,0,0.75,0.75,0,0,0,0,0,,0,0.12224726737609008,0.0,0,0,1,1,0.7261245594392123,2.000000000000032,4.0,0.0003055217486531327,1636.5447049324657,0.0,0.0,0.0,0.0,0.0,0.0,0.0,0.0,0.0,0.0,0,EURCAD,2026-05-14 07:30:00+00:00,1.6054500341415405,1.6064310339451529,1.6015260349270912,0.21509342184194277
0,0,0.0,0,0,0,1,0,0,0,0,0.75,0.75,0,0,0,0,0,,0,0.12420530135597695,0.0,0,0,1,1,0.7261245594392123,2.0000000000001634,3.99999999999977,0.000300815917679549,1662.146085409601,0.0,0.0,0.0,0.0,0.0,0.0,0.0,0.0,0.0,0.0,0,EURCAD,2026-05-14 08:00:00+00:00,1.6048599481582642,1.605825482994369,1.600997808813845,0.21509342184194277
0,0,0.0,0,0,0,1,0,0,0,0,0.75,0.75,0,0,0,0,0,,0,0.12524271181008806,0.0,0,1,1,1,0.7535510613168882,2.0000000000001865,3.9999999999995364,0.00029832047645113574,1676.049884164932,0.0,0.0,0.0,0.0,0.0,0.0,0.0,0.0,0.0,0.0,0,EURCAD,2026-05-14 08:30:00+00:00,1.6048799753189087,1.6058375124366768,1.6010498268478366,0.19047959621659127
0,0,0.0,0,0,0,1,0,0,0,0,0.75,0.75,0,0,0,0,0,,0,0.12709644595783154,0.0,0,0,1,1,0.7261245594392123,1.9999999999999285,4.000000000000235,0.0002939931990365678,1700.7196140541546,0.0,0.0,0.0,0.0,0.0,0.0,0.0,0.0,0.0,0.0,0,EURCAD,2026-05-14 09:00:00+00:00,1.6047500371932983,1.6056936083874753,1.6009757524165902,0.21451975780989455
0,0,0.0,0,0,0,1,0,0,0,0,0.75,0.75,0,0,0,0,0,,0,0.13532743662861288,0.0,0,1,1,1,0.7535510613168882,1.9999999999998581,4.0000000000002505,0.0002761323720368746,1810.7257628354625,0.0,0.0,0.0,0.0,0.0,0.0,0.0,0.0,0.0,0.0,0,EURCAD,2026-05-14 09:30:00+00:00,1.6046299934387207,1.6055161740113801,1.6010852711480827,0.18998442425554438
0,0,0.0,0,0,0,1,0,0,0,0,0.75,0.75,0,0,0,0,0,,0,0.1352604192715005,0.0,-1,0,1,1,0.7261245594392123,1.999999999999838,4.0000000000002505,0.00027625196830621037,1809.9418551321146,0.0,0.0,0.0,0.0,0.0,0.0,0.0,0.0,0.0,0.0,0,EURCAD,2026-05-14 10:00:00+00:00,1.6047300100326538,1.6056166296803969,1.6011835314416814,0.21451975780989455
0,0,0.0,0,0,0,1,0,0,0,0,0.75,0.75,0,0,0,0,0,,0,0.12678032872630113,0.0,-1,0,1,1,0.7261245594392123,1.999999999999963,4.0,0.00029460876983288225,1697.1660425575108,0.0,0.0,0.0,0.0,0.0,0.0,0.0,0.0,0.0,0.0,0,EURCAD,2026-05-14 10:30:00+00:00,1.605389952659607,1.6063358765777171,1.601606256987166,0.21509342184194277
0,0,0.0,0,0,0,0,0,1,0,0,0.75,0.75,0,0,0,0,0,,0,0.11573360536173524,0.0,1,0,1,1,0.75298807936558,2.000000000000073,3.9999999999997855,0.0003226084594933715,1549.8663636570109,0.0,0.0,0.0,0.0,0.0,0.0,0.0,0.0,0.0,0.0,1,EURCAD,2026-05-14 12:00:00+00:00,1.6059900522232056,1.6070262641766244,1.6018452044095304,0.33247774737608277
0,0,0.0,0,0,0,0,0,1,0,0,0.75,0.75,0,0,0,0,0,,0,0.10798145079604064,0.0,1,0,1,1,0.75298807936558,1.9999999999999392,4.0000000000002,0.0003459284235817265,1445.385709630446,0.0,0.0,0.0,0.0,0.0,0.0,0.0,0.0,0.0,0.0,1,EURCAD,2026-05-14 12:30:00+00:00,1.6052500009536743,1.6063606041582432,1.6008075881353985,0.33175271497373815
0,0,0.0,0,0,0,0,0,1,0,0,0.9000000000000001,0.9000000000000001,0,0,0,0,0,,0,0.07616211521829983,1.0,0,1,1,1,0.8082692642976369,1.999999999999868,4.000000000000282,0.0004920580946633006,1016.1401782083612,0.0,0.0,0.0,0.0,0.0,0.0,0.0,0.0,0.0,0.0,0,EURCAD,2026-05-15 07:00:00+00:00,1.6000100374221802,1.6015846332030923,1.5937116542985312,0.19072551852625838
0,0,0.0,0,0,0,0,0,1,0,0,0.9000000000000001,0.9000000000000001,0,0,0,0,0,,0,0.06927299507873272,1.0,0,1,1,1,0.8082692642976369,1.9999999999999798,4.0,0.0005409081992067375,924.371271748652,0.0,0.0,0.0,0.0,0.0,0.0,0.0,0.0,0.0,0.0,0,EURCAD,2026-05-15 07:30:00+00:00,1.6002600193023682,1.601991206832975,1.5933352691799412,0.19297432287736446
0,0,0.0,0,0,0,0,0,1,0,0,0.9000000000000001,0.9000000000000001,0,0,0,0,0,,0,0.08945940710338925,1.0,0,0,0,1,0.6934768153083394,2.000000000000091,3.9999999999998344,0.0004191829519627449,1192.7966002883034,0.0,0.0,0.0,0.0,0.0,0.0,0.0,0.0,0.0,0.0,0,EURCAD,2026-05-18 09:00:00+00:00,1.5989999771118164,1.6003405241730047,1.5936377888670636,0.10129451482749421
0,0,0.0,0,0,0,0,0,1,0,0,0.9000000000000001,0.9000000000000001,0,0,0,0,0,,0,0.09272267773036623,1.0,0,0,0,1,0.6934768153083394,1.9999999999999647,4.0,0.0004043063643992408,1236.6859491389882,0.0,0.0,0.0,0.0,0.0,0.0,0.0,0.0,0.0,0.0,0,EURCAD,2026-05-18 09:30:00+00:00,1.5994900465011597,1.600783414512347,1.5943165744564105,0.10164958917966004
1,0,0.0,0,0,1,0,0,0,1,0,0.55,0.75,0,0,0,0,0,,0,0.465171850131583,0.0,1,0,1,1,0.8137140823833326,1.9999999999999925,4.0,0.0006093229935557863,0.0,0.0,0.0,0.0,0.0,0.0,0.0,0.0,0.0,0.0,0.0,1,EURAUD,2026-05-18 13:00:00+00:00,1.623020052909851,1.6210421660353709,1.6309316004077719,0.31175766868591
1,0,0.0,0,0,1,0,0,0,1,0,0.55,0.75,0,0,0,0,0,,0,0.4916797439668091,0.0,1,1,0,1,0.7600196209154186,0.3584827097817978,4.0,0.0005763093011435183,0.0,0.0,0.0,0.0,0.0,0.0,0.0,0.0,0.0,0.0,0.0,0,EURAUD,2026-05-18 13:30:00+00:00,1.623479962348938,1.623144556389122,1.6248215861882018,0.13242417090506003
0,0,0.0,0,0,1,0,0,0,1,0,0.9000000000000001,0.9000000000000001,0,0,0,0,0,,0,0.07781437564238643,1.0,1,0,1,1,0.8001692350301896,2.0000000000000187,4.0,0.0004812791888780236,1038.8980274954636,0.0,0.0,0.0,0.0,0.0,0.0,0.0,0.0,0.0,0.0,1,EURCAD,2026-05-18 14:00:00+00:00,1.6011099815368652,1.6026511433633024,1.5949453342311166,0.2328977764281034
0,0,0.0,0,0,1,0,0,0,1,0,0.9000000000000001,0.9000000000000001,0,0,0,0,0,,0,0.0765574209730038,1.0,1,0,1,1,0.8001692350301896,0.6498574176657029,4.0,0.000489569357083349,3143.1687118922223,0.0,0.0,0.0,0.0,0.0,0.0,0.0,0.0,0.0,0.0,0,EURCAD,2026-05-18 14:30:00+00:00,1.5998400449752808,1.600349034530605,1.5978040867539836,0.20404955249139506
1,0,0.0,0,0,0,0,0,1,0,0,0.75,0.75,0,0,0,0,0,,0,1.757698016751952,1.0,1,0,1,1,0.8040162616448044,2.0000000000000493,3.999999999999812,0.0003757367434905444,0.0,0.0,0.0,0.0,0.0,0.0,0.0,0.0,0.0,0.0,0.0,1,USDCHF,2026-05-19 12:00:00+00:00,0.7873499989509583,0.786758326301772,0.7897166895477031,0.4375732455607628
0,0,0.0,0,0,0,0,0,1,0,0,0.75,0.75,0,0,0,0,0,,0,2.052932245520647,1.0,1,1,1,1,0.7827809092372446,1.9999999999999392,4.000000000000194,0.00034469189970658153,1450.5707863330688,0.0,0.0,0.0,0.0,0.0,0.0,0.0,0.0,0.0,0.0,1,GBPJPY,2026-05-19 12:30:00+00:00,213.38999938964844,213.53710699818444,212.8015689555044,0.3139115935414235
1,0,0.0,0,0,0,0,0,1,0,0,0.75,0.75,0,0,0,0,0,,0,1.7924656469829188,1.0,1,0,1,1,0.8040162616448044,1.9999999999999731,4.0,0.00036835519501768446,0.0,0.0,0.0,0.0,0.0,0.0,0.0,0.0,0.0,0.0,0.0,1,USDCHF,2026-05-19 12:30:00+00:00,0.7875499725341797,0.7869697762867417,0.7898707575239317,0.4375732455607628
0,0,0.0,0,0,1,0,0,0,1,0,0.75,0.75,0,0,0,0,0,,0,1.4806069660811905,1.0,-1,1,0,1,0.7504441813297739,2.3883234437371996,4.0,0.00047870572928461675,874.6579200506642,0.0,0.0,0.0,0.0,0.0,0.0,0.0,0.0,0.0,0.0,0,GBPJPY,2026-05-19 15:00:00+00:00,213.0449981689453,213.28857339222415,212.07069727582996,0.1282023146102904
0,0,0.0,0,0,1,0,0,0,1,0,0.75,0.75,0,0,0,0,0,,0,1.575982031709665,1.0,-1,0,0,1,0.7128576228701912,1.1018729093440167,4.0,0.00044944435243053903,2019.2615085616394,0.0,0.0,0.0,0.0,0.0,0.0,0.0,0.0,0.0,0.0,1,GBPJPY,2026-05-19 15:30:00+00:00,213.18299865722656,213.28857339222415,212.7606997172362,0.236574384936
0,0,0.0,0,0,1,0,0,0,1,0,0.75,0.75,0,0,0,0,0,,0,1.8363930413978078,1.0,2,0,1,1,0.7321333105466058,2.3116270255731375,4.0,0.0003859694915721734,1120.8029334741932,0.0,0.0,0.0,0.0,0.0,0.0,0.0,0.0,0.0,0.0,0,GBPJPY,2026-05-19 18:00:00+00:00,213.0399932861328,213.23007129799683,212.27968123867674,0.15200826836931972
0,0,0.0,0,0,1,0,0,0,1,0,0.75,0.75,0,0,0,0,0,,0,2.1296883798584,1.0,2,0,1,1,0.7321333105466058,2.074369979323818,4.0,0.00033274758128117607,1448.7680975812495,0.0,0.0,0.0,0.0,0.0,0.0,0.0,0.0,0.0,0.0,0,GBPJPY,2026-05-19 18:30:00+00:00,213.08299255371094,213.23007129799683,212.49467757656737,0.2907953649542876
0,0,0.0,0,0,1,0,0,0,1,0,0.75,0.75,0,0,0,0,0,,0,0.8244335398312581,1.0,2,0,1,1,0.7817482155458204,4.7306770967190515,4.0,0.0001959647347824199,1078.6952606871944,0.0,0.0,0.0,0.0,0.0,0.0,0.0,0.0,0.0,0.0,0,GBPUSD,2026-05-19 19:00:00+00:00,1.3399616479873657,1.341203853915974,1.3349928242729323,0.12731985640209648
0,0,0.0,0,0,1,0,0,0,1,0,0.75,0.75,0,0,0,0,0,,0,2.207238594065595,1.0,2,0,1,1,0.7321333105466058,1.8018336491044216,4.0,0.0003210235136951938,1728.8147650609512,0.0,0.0,0.0,0.0,0.0,0.0,0.0,0.0,0.0,0.0,1,GBPJPY,2026-05-19 19:00:00+00:00,213.10499572753906,213.22826225674413,212.6119296107188,0.34842016582704965
0,0,0.0,0,0,1,0,0,0,1,0,0.75,0.75,0,0,0,0,0,,0,0.9302597808174978,1.0,2,0,1,1,0.7817482155458204,4.797486252616652,4.0,0.0001736555111620217,1200.3217906809818,0.0,0.0,0.0,0.0,0.0,0.0,0.0,0.0,0.0,0.0,0,GBPUSD,2026-05-19 19:30:00+00:00,1.3400874137878418,1.341203853915974,1.3356216532753127,0.13424821358053363
0,0,0.0,0,0,1,0,0,0,1,0,0.75,0.75,0,0,0,0,0,,0,2.62544161148742,1.0,2,0,1,1,0.7321333105466058,1.708392912603504,4.0,0.0002698564462775557,2169.0993393647186,0.0,0.0,0.0,0.0,0.0,0.0,0.0,0.0,0.0,0.0,1,GBPJPY,2026-05-19 19:30:00+00:00,213.1300048828125,213.22826225674413,212.73697538708598,0.3452424957018828
1,0,0.0,0,0,1,0,0,0,1,0,0.9000000000000001,0.9000000000000001,0,0,0,0,0,,0,0.5188545618407794,1.0,0,0,0,1,0.7541986732174346,0.8795760213126629,4.0,0.0005434440332133811,0.0,0.0,0.0,0.0,0.0,0.0,0.0,0.0,0.0,0.0,0.0,0,EURAUD,2026-05-20 07:00:00+00:00,1.6314899921417236,1.6307101393698924,1.6346094032290486,0.11037242943129118
1,0,0.0,0,0,1,0,0,0,1,0,0.9000000000000001,0.9000000000000001,0,0,0,0,0,,0,0.5381662573409665,1.0,0,0,0,1,0.7541986732174346,0.7251618367491819,4.0,0.0005239943299197267,0.0,0.0,0.0,0.0,0.0,0.0,0.0,0.0,0.0,0.0,0.0,0,EURAUD,2026-05-20 07:30:00+00:00,1.6313300132751465,1.6307101393698924,1.6338095088961628,0.11037242943129118
1,0,0.0,0,1,0,0,0,0,0,0,0.75,0.75,0,0,0,0,0,,0,1.8463568137682405,0.0,0,0,0,1,0.7611662611020245,1.999999999999961,4.0,0.00022323144349306275,0.0,0.0,0.0,0.0,0.0,0.0,0.0,0.0,0.0,0.0,0.0,0,EURJPY,2026-05-20 08:00:00+00:00,184.40199279785156,184.31966415178104,184.73130738213365,0.16398860482688
1,0,0.0,0,0,0,1,0,0,0,0,0.9000000000000001,0.9000000000000001,0,0,0,0,0,,0,0.5378431409269194,1.0,0,0,0,1,0.6875344335370706,2.000000000000011,4.0,0.0005246564798427687,0.0,0.0,0.0,0.0,0.0,0.0,0.0,0.0,0.0,0.0,0.0,0,EURAUD,2026-05-20 08:00:00+00:00,1.6302499771118164,1.628539334683306,1.6370925468258584,0.10527976688554462
1,0,0.0,0,0,0,1,0,0,0,0,0.9000000000000001,0.9000000000000001,0,0,0,0,0,,0,0.5344802882867613,1.0,0,0,0,1,0.6875344335370706,1.999999999999944,4.000000000000129,0.0005280708944440395,0.0,0.0,0.0,0.0,0.0,0.0,0.0,0.0,0.0,0.0,0.0,0,EURAUD,2026-05-20 08:30:00+00:00,1.6298999786376953,1.6281785731585483,1.6367856005542836,0.10488921178482305
1,0,0.0,0,1,0,0,0,0,0,0,0.75,0.75,0,0,0,0,0,,0,1.5424005694562672,0.0,0,1,0,1,0.8012999697873322,1.999999999999752,4.0,0.00026732881887079756,0.0,0.0,0.0,0.0,0.0,0.0,0.0,0.0,0.0,0.0,0.0,1,EURJPY,2026-05-20 08:30:00+00:00,184.32899475097656,184.23044184607573,184.72320637057987,0.4156631677511813
1,0,0.0,0,0,0,1,0,0,0,0,0.9000000000000001,0.9000000000000001,0,0,0,0,0,,0,0.527348272713305,1.0,0,0,0,1,0.6875344335370706,2.000000000000003,4.0,0.000535370326885012,0.0,0.0,0.0,0.0,0.0,0.0,0.0,0.0,0.0,0.0,0.0,0,EURAUD,2026-05-20 09:00:00+00:00,1.6294200420379639,1.6276753557568862,1.6363987871622747,0.10541096158799561
1,0,0.0,0,1,0,0,0,0,0,0,0.75,0.75,0,0,0,0,0,,0,1.5985041747952817,0.0,0,1,0,1,0.8012999697873322,1.9999999999997335,4.0,0.00025793922453932095,0.0,0.0,0.0,0.0,0.0,0.0,0.0,0.0,0.0,0.0,0.0,1,EURJPY,2026-05-20 09:00:00+00:00,184.33399963378906,184.23890569594553,184.71437538516318,0.41441399846425897
1,0,0.0,0,0,0,1,0,0,0,0,0.9000000000000001,0.9000000000000001,0,0,0,0,0,,0,0.5266104566886336,1.0,0,0,0,1,0.6875344335370706,1.999999999999948,4.000000000000127,0.0005360776665447563,0.0,0.0,0.0,0.0,0.0,0.0,0.0,0.0,0.0,0.0,0.0,0,EURAUD,2026-05-20 09:30:00+00:00,1.6295499801635742,1.627802849461806,1.6365385029706474,0.10488921178482305
1,0,0.0,0,1,0,0,0,0,0,0,0.75,0.75,0,0,0,0,0,,0,1.7882151291402284,0.0,0,1,0,1,0.8012999697873322,1.999999999999843,4.0,0.000230537048044336,0.0,0.0,0.0,0.0,0.0,0.0,0.0,0.0,0.0,0.0,0.0,1,EURJPY,2026-05-20 09:30:00+00:00,184.36399841308594,184.27899294916634,184.70402026876434,0.4156631677511813
1,0,0.0,0,0,0,1,0,0,0,0,0.9000000000000001,0.9000000000000001,0,0,0,0,0,,0,0.5374483012253857,0.06530189168178284,-1,0,0,1,0.6875344335370706,1.9999999999999187,4.00000000000013,0.0005254802727768724,0.0,0.0,0.0,0.0,0.0,0.0,0.0,0.0,0.0,0.0,0.0,0,EURAUD,2026-05-20 10:00:00+00:00,1.628890037536621,1.6271781383741246,1.6357376341866072,0.10488921178482305
1,0,0.0,0,1,0,0,0,0,0,0,0.75,0.75,0,0,0,0,0,,0,1.9321792073859694,0.0,-1,1,0,1,0.8012999697873322,2.0000000000002505,4.0,0.00021337740200263151,0.0,0.0,0.0,0.0,0.0,0.0,0.0,0.0,0.0,0.0,0.0,1,EURJPY,2026-05-20 10:00:00+00:00,184.3489990234375,184.27032720249068,184.6636863072248,0.40905786681417466
1,0,0.0,0,1,0,0,0,0,0,0,0.75,0.75,0,0,0,0,0,,0,1.9592710087172904,0.0,-1,0,1,1,0.8548739597387386,2.000000000000164,4.0,0.00021035503657220803,0.0,0.0,0.0,0.0,0.0,0.0,0.0,0.0,0.0,0.0,0.0,0,EURJPY,2026-05-20 10:30:00+00:00,184.41200256347656,184.33441857638937,184.72233851182534,0.40905786681417466
1,0,0.0,0,1,0,0,0,0,0,0,0.75,0.75,0,0,0,0,0,,0,1.952035198986689,0.5001003814495081,1,0,1,1,0.8412481444806573,2.48405997167767,4.0,0.00021101120158304766,0.0,0.0,0.0,0.0,0.0,0.0,0.0,0.0,0.0,0.0,0.0,0,EURJPY,2026-05-20 12:00:00+00:00,184.52000427246094,184.4232854404774,184.9068796003951,0.3513172270723277
0,0,0.0,0,0,0,0,0,1,0,0,0.9000000000000001,0.9000000000000001,0,0,0,0,0,,0,0.09299641134794613,1.0,1,0,1,1,0.7664371293518232,1.9999999999998903,4.000000000000172,0.00040402564221133876,1237.5452143665825,0.0,0.0,0.0,0.0,0.0,0.0,0.0,0.0,0.0,0.0,0,EURCAD,2026-05-20 12:00:00+00:00,1.5958900451660156,1.5971796061668093,1.5907318011628406,0.14356338956750153
0,0,0.0,0,0,0,0,0,1,0,0,0.9000000000000001,0.9000000000000001,0,0,0,0,0,,0,0.0833101158917783,1.0,1,0,1,1,0.7664371293518232,2.0000000000001297,3.9999999999996914,0.00045087376545642504,1108.9578465356294,0.0,0.0,0.0,0.0,0.0,0.0,0.0,0.0,0.0,0.0,0,EURCAD,2026-05-20 12:30:00+00:00,1.5963399410247803,1.597779436625097,1.5905819586235137,0.12479009466415146
1,0,0.0,0,1,0,0,0,0,0,0,0.75,0.75,0,0,0,0,0,,0,1.8591103182742543,0.0,1,0,1,1,0.8412481444806573,0.4578037222939739,4.0,0.0002216519844212105,0.0,0.0,0.0,0.0,0.0,0.0,0.0,0.0,0.0,0.0,0.0,0,EURJPY,2026-05-20 12:30:00+00:00,184.44200134277344,184.4232854404774,184.5168649519576,0.4238198535620215
0,0,0.0,0,0,1,0,0,0,1,0,0.75,0.75,0,0,0,0,0,,0,2.5925298515687674,1.0,1,0,0,1,0.6966506664619924,2.101364696486743,4.0,0.00027332199405257147,1741.1010914976027,0.0,0.0,0.0,0.0,0.0,0.0,0.0,0.0,0.0,0.0,0,GBPJPY,2026-05-20 12:45:00+00:00,213.0989990234375,213.2213922607194,212.6094260743099,0.19484186008892215
1,0,0.0,0,1,0,0,0,0,0,0,0.75,0.75,0,0,0,0,0,,0,1.8143689055078955,0.0,1,0,1,1,0.8412481444806573,1.999999999999926,4.0,0.0002272360934959358,0.0,0.0,0.0,0.0,0.0,0.0,0.0,0.0,0.0,0.0,0.0,1,EURJPY,2026-05-20 13:00:00+00:00,184.3459930419922,184.2622129153712,184.6811135484761,0.4429098208417908
0,0,0.0,0,0,1,0,0,1,1,0,0.75,0.75,0,0,0,0,0,,0,2.535917493837547,1.0,1,0,0,1,0.6966506664619924,3.634205334226341,4.0,0.0002795469951329292,984.3186416768389,0.0,0.0,0.0,0.0,0.0,0.0,0.0,0.0,0.0,0.0,0,GBPJPY,2026-05-20 13:15:00+00:00,213.0050048828125,213.22140330895624,212.13941117823754,0.11597506008733682
1,0,0.0,0,1,0,0,0,0,0,0,0.75,0.75,0,0,0,0,0,,0,1.9247739064654361,0.0,1,0,1,1,0.8412481444806573,1.9999999999999694,4.0,0.00021417627109529742,0.0,0.0,0.0,0.0,0.0,0.0,0.0,0.0,0.0,0.0,0.0,1,EURJPY,2026-05-20 13:30:00+00:00,184.3679962158203,184.28902171594268,184.68389421533084,0.43705815419634225
0,0,0.0,0,0,1,0,0,1,1,0,0.75,0.75,0,0,0,0,0,,0,2.183355385536936,1.0,1,0,0,1,0.6966506664619924,1.9289440152584387,4.0,0.00032456100260219175,1597.2909854013842,0.0,0.0,0.0,0.0,0.0,0.0,0.0,0.0,0.0,0.0,0,GBPJPY,2026-05-20 13:45:00+00:00,213.08799743652344,213.22140330895624,212.55437394679223,0.24160403766495894
0,0,0.0,0,0,0,0,0,1,0,0,0.9000000000000001,0.9000000000000001,0,0,0,0,0,,0,0.07861964742496215,1.0,1,0,1,1,0.7664371293518232,1.999999999999856,4.000000000000291,0.0004779286909666747,1046.1811760844892,0.0,0.0,0.0,0.0,0.0,0.0,0.0,0.0,0.0,0.0,0,EURCAD,2026-05-20 14:00:00+00:00,1.5958199501037598,1.5973453263833028,1.589718444985587,0.13172911259327938
1,0,0.0,0,1,0,0,0,0,0,0,0.75,0.75,0,0,0,0,0,,0,1.699076054901703,0.0,1,0,1,1,0.8412481444806573,1.999999999999744,4.0,0.00024261729612292497,0.0,0.0,0.0,0.0,0.0,0.0,0.0,0.0,0.0,0.0,0.0,1,EURJPY,2026-05-20 14:00:00+00:00,184.375,184.28553487205468,184.73286051178127,0.44180611366059885
0,0,0.0,0,0,0,0,0,1,0,0,0.9000000000000001,0.9000000000000001,0,0,0,0,0,,0,0.06017947162534212,1.0,1,0,1,1,0.7664371293518232,2.0000000000000324,3.9999999999998885,0.0006237461538313714,801.6081492907547,0.0,0.0,0.0,0.0,0.0,0.0,0.0,0.0,0.0,0.0,0,EURCAD,2026-05-20 14:30:00+00:00,1.5974299907684326,1.599422772393946,1.5894588642663792,0.13249994003193047
1,0,0.0,0,1,0,0,0,0,0,0,0.75,0.75,0,0,0,0,0,,0,1.0631750979858667,1.0,1,0,1,1,0.8412481444806573,2.5838858967032063,4.0,0.0003872409652011918,0.0,0.0,0.0,0.0,0.0,0.0,0.0,0.0,0.0,0.0,0.0,0,EURJPY,2026-05-20 14:30:00+00:00,184.60800170898438,184.4232854404774,185.34686678301227,0.32490179117907886
0,0,0.0,0,0,0,0,0,1,0,0,0.9000000000000001,0.9000000000000001,0,0,0,0,0,,0,0.0599167718699223,1.0,-1,0,1,1,0.7788512200098527,1.999999999999985,4.0,0.0006267163023608172,797.8091492378965,0.0,0.0,0.0,0.0,0.0,0.0,0.0,0.0,0.0,0.0,0,EURCAD,2026-05-20 15:00:00+00:00,1.5968300104141235,1.5988315292133746,1.5888239352171194,0.10465057439913247
1,0,0.0,0,1,0,0,0,0,0,0,0.75,0.75,0,0,0,0,0,,0,1.0620647174865165,1.0,-1,0,1,1,0.8548739597387386,1.8965276169254806,4.0,0.0003877487332851273,0.0,0.0,0.0,0.0,0.0,0.0,0.0,0.0,0.0,0.0,0.0,0,EURJPY,2026-05-20 15:00:00+00:00,184.5590057373047,184.4232854404774,185.10188692461384,0.32411733859205344
0,0,0.0,0,0,0,0,0,1,0,0,0.9000000000000001,0.9000000000000001,0,0,0,0,0,,0,0.058191816417269865,1.0,-1,0,1,1,0.7788512200098527,2.0000000000000733,3.999999999999892,0.0006448576315785377,775.3649418338105,0.0,0.0,0.0,0.0,0.0,0.0,0.0,0.0,0.0,0.0,0,EURCAD,2026-05-20 15:30:00+00:00,1.5979100465774536,1.5999708955536767,1.5896666506725616,0.1044895261213523
1,0,0.0,0,1,0,0,0,0,0,0,0.75,0.75,0,0,0,0,0,,0,1.051140070873439,1.0,-1,0,1,1,0.8548739597387386,2.3471941687083495,4.0,0.00039170650634770613,0.0,0.0,0.0,0.0,0.0,0.0,0.0,0.0,0.0,0.0,0.0,0,EURJPY,2026-05-20 15:30:00+00:00,184.59300231933594,184.4232854404774,185.2718698347701,0.2992150662634745
0,0,0.0,0,1,0,0,0,0,0,0,0.75,0.75,0,0,0,0,0,,0,2.6857693072013475,0.0,0,0,1,1,0.8006180120367974,0.8260053528324302,4.0,0.00026308024532493485,4601.812295063498,0.0,0.0,0.0,0.0,0.0,0.0,0.0,0.0,0.0,0.0,1,GBPJPY,2026-05-21 07:00:00+00:00,213.70899963378906,213.7554398155981,213.52323890655293,0.2541734725268288
0,0,0.0,0,1,0,0,0,0,0,0,0.75,0.75,0,0,0,0,0,,0,2.084926362432144,1.0,0,0,1,1,0.8006180120367974,4.631566948009512,4.0,0.0003393547429482871,636.2358410130798,0.0,0.0,0.0,0.0,0.0,0.0,0.0,0.0,0.0,0.0,0,GBPJPY,2026-05-21 07:30:00+00:00,213.4199981689453,213.7554398155981,212.07823158233418,0.22639207800176964
0,0,0.0,0,1,0,0,0,1,0,0,0.75,0.75,0,0,0,0,0,,0,1.9234807964527556,0.49009700889248176,0,0,1,1,0.8160182738122196,2.010016174035368,4.0,0.0003675333493073252,1353.6416094098265,0.0,0.0,0.0,0.0,0.0,0.0,0.0,0.0,0.0,0.0,0,GBPJPY,2026-05-21 08:00:00+00:00,213.5970001220703,213.75479447371941,212.9658227154739,0.3056577361631771
0,0,0.0,0,0,0,0,0,1,0,0,0.75,0.75,0,0,0,0,0,,0,0.46877952211355317,0.0,0,0,1,1,0.8360467110641325,2.000000000000234,3.999999999999519,0.0003436696229081026,1454.8856421146122,0.0,0.0,0.0,0.0,0.0,0.0,0.0,0.0,0.0,0.0,0,GBPUSD,2026-05-21 08:30:00+00:00,1.343742847442627,1.3446664546379592,1.3400484186612984,0.20638535317916912
0,0,0.0,0,1,0,0,0,1,0,0,0.75,0.75,0,0,0,0,0,,0,1.6022703666733433,0.21190379951495553,0,0,1,1,0.8006180120367974,1.2286140893295052,4.0,0.0004411267593643575,1845.105082513856,0.0,0.0,0.0,0.0,0.0,0.0,0.0,0.0,0.0,0.0,0,GBPJPY,2026-05-21 08:30:00+00:00,213.63900756835938,213.75479447371941,213.17585994691922,0.21900376513778652
0,0,0.0,0,1,0,0,0,0,0,0,0.75,0.75,0,0,0,0,0,,0,1.6930223140265483,0.4040016168148747,0,0,1,1,0.8006180120367974,1.6234281869986458,4.0,0.00041753750580401857,1475.2697085488417,0.0,0.0,0.0,0.0,0.0,0.0,0.0,0.0,0.0,0.0,0,GBPJPY,2026-05-21 09:00:00+00:00,213.61000061035156,213.75479447371941,213.03082515688016,0.2234068809048918
0,0,0.0,0,1,0,0,0,0,0,0,0.75,0.75,0,0,0,0,0,,0,1.8930730525648305,0.0,0,0,1,1,0.8006180120367974,1.0253910973231934,4.0,0.0003733040713649333,2612.448459109832,0.0,0.0,0.0,0.0,0.0,0.0,0.0,0.0,0.0,0.0,0,GBPJPY,2026-05-21 09:30:00+00:00,213.67300415039062,213.75479447371941,213.34584285707547,0.25290682361195893
0,0,0.0,0,1,1,0,0,0,1,0,0.75,0.75,0,0,0,0,0,,1,1.9337273485216075,0.0,-1,0,1,1,0.8160182738122196,1.5000000000000346,4.0,0.00036534979649631297,1824.7352894676624,0.0,0.0,0.0,0.0,0.0,0.0,0.0,0.0,0.0,0.0,1,GBPJPY,2026-05-21 10:00:00+00:00,213.73500061035156,213.85213266881726,213.26647237648876,0.29983301195709766
0,0,0.0,0,1,1,0,0,0,1,0,0.75,0.75,0,0,0,0,0,,0,1.9625414073884442,1.0,-1,0,1,1,0.8006180120367974,3.4285397352861042,4.0,0.0003603971611227343,809.2998344191615,0.0,0.0,0.0,0.0,0.0,0.0,0.0,0.0,0.0,0.0,0,GBPJPY,2026-05-21 10:30:00+00:00,213.49099731445312,213.75479447371941,212.43580867738797,0.2268513246598972
1,0,0.0,0,0,1,0,0,0,1,0,0.75,0.75,0,0,0,0,0,,0,1.3132597376847188,1.0,1,1,1,1,0.8745330842229736,1.4195625462432229,4.0,0.0003134560563497471,0.0,0.0,0.0,0.0,0.0,0.0,0.0,0.0,0.0,0.0,0.0,0,EURJPY,2026-05-21 12:00:00+00:00,184.63299560546875,184.5508393732543,184.96162053432658,0.3989580730072934
1,0,0.0,0,0,1,0,0,0,1,0,0.75,0.75,0,0,0,0,0,,0,1.226668865273921,1.0,1,0,1,1,0.8412481444806573,1.406738937777522,4.0,0.0003355739039582076,0.0,0.0,0.0,0.0,0.0,0.0,0.0,0.0,0.0,0.0,0.0,0,EURJPY,2026-05-21 12:30:00+00:00,184.63800048828125,184.5508393732543,184.98664494838908,0.39842953293760935
1,0,0.0,0,0,1,0,0,1,1,0,0.75,0.75,0,0,0,0,0,,0,1.257641075695787,1.0,1,1,1,1,0.8745330842229736,0.6426709445204825,4.0,0.0003273965284480395,0.0,0.0,0.0,0.0,0.0,0.0,0.0,0.0,0.0,0.0,0.0,0,EURJPY,2026-05-21 13:00:00+00:00,184.58900451660156,184.55016546974477,184.74436070402874,0.3965266846910607
1,0,0.0,0,0,1,0,0,1,1,0,0.75,0.75,0,0,0,0,0,,0,1.221181641044864,0.0,1,0,1,1,0.8412481444806573,1.9999999999998948,4.0,0.00033738693339277264,0.0,0.0,0.0,0.0,0.0,0.0,0.0,0.0,0.0,0.0,0.0,1,EURJPY,2026-05-21 13:30:00+00:00,184.4709930419922,184.34651683670748,184.96889786313102,0.42242503010088434
0,0,0.0,0,0,0,0,0,1,0,0,0.9000000000000001,0.9000000000000001,0,0,0,0,0,,0,0.07602352888840863,1.0,1,0,1,1,0.7664371293518232,1.9999999999999303,4.00000000000014,0.0004934979331908498,1013.1754691800364,0.0,0.0,0.0,0.0,0.0,0.0,0.0,0.0,0.0,0.0,0,EURCAD,2026-05-21 14:00:00+00:00,1.5982500314712524,1.599827497645759,1.5919401667732263,0.13172911259327938
0,0,0.0,0,0,0,0,0,1,0,0,0.9000000000000001,0.9000000000000001,0,0,0,0,0,,0,0.07574699219592547,1.0,1,0,1,1,0.7664371293518232,1.9999999999998965,4.00000000000014,0.0004952624306945411,1009.5657756612811,0.0,0.0,0.0,0.0,0.0,0.0,0.0,0.0,0.0,0.0,0,EURCAD,2026-05-21 14:30:00+00:00,1.5983699560165405,1.5999531811956722,1.5920370553000136,0.13172911259327938
0,0,0.0,0,0,1,0,0,0,1,0,0.9000000000000001,0.9000000000000001,0,0,0,0,0,,0,0.10072363091485001,1.0,2,0,0,1,0.632470354341737,0.4747832411448002,4.0,0.00037197646223147157,5662.251551964996,0.0,0.0,0.0,0.0,0.0,0.0,0.0,0.0,0.0,0.0,0,EURCAD,2026-05-21 18:45:00+00:00,1.600409984588623,1.6006926300998479,1.5992794025437238,0.230071909927683
0,0,0.0,0,0,1,0,0,0,1,0,0.75,0.75,0,0,0,0,0,,0,0.4280364394045037,0.5831497797356828,2,0,0,1,0.6804092115953367,2.4449611627726853,4.0,0.0003765187145031455,1086.279210100885,0.0,0.0,0.0,0.0,0.0,0.0,0.0,0.0,0.0,0.0,0,GBPUSD,2026-05-21 19:00:00+00:00,1.3432555198669434,1.344492085482281,1.3383092574055926,0.11687893133414383
0,0,0.0,0,0,1,0,0,0,1,0,0.75,0.75,0,0,0,0,0,,0,0.4904163411328854,0.0,2,0,0,1,0.6804092115953367,1.247392384893906,4.0,0.0003284586188125294,2440.7103861913406,0.0,0.0,0.0,0.0,0.0,0.0,0.0,0.0,0.0,0.0,1,GBPUSD,2026-05-21 19:30:00+00:00,1.3439414501190186,1.344492085482281,1.3417389086659686,0.2447186526565814
0,0,0.0,0,0,1,0,0,0,1,0,0.75,0.75,0,0,0,0,0,,0,0.7624246818970829,1.0,0,0,1,1,0.8006180120367974,3.089993680108308,4.0,0.0003070780724606939,1053.8859215109999,0.0,0.0,0.0,0.0,0.0,0.0,0.0,0.0,0.0,0.0,0,GBPJPY,2026-05-22 07:00:00+00:00,213.50999450683594,213.7125875865506,212.6996221879773,0.1609951755976489
0,0,0.0,0,0,1,0,0,0,1,0,0.75,0.75,0,0,0,0,0,,0,0.7323534201530424,0.0998168498168498,0,0,1,1,0.8006180120367974,1.6201061716084122,4.0,0.00031954933892661494,1931.6062419901841,0.0,0.0,0.0,0.0,0.0,0.0,0.0,0.0,0.0,0.0,0,GBPJPY,2026-05-22 07:30:00+00:00,213.6020050048828,213.7125875865506,213.15967467821167,0.1753546070506942
0,0,0.0,0,0,0,0,0,1,0,0,0.75,0.75,0,0,0,0,0,,0,0.7132296031782239,0.0,0,0,1,1,0.765184333857537,1.9999999999999984,4.0,0.00032801606808124657,1524.315570651115,0.0,0.0,0.0,0.0,0.0,0.0,0.0,0.0,0.0,0.0,0,GBPJPY,2026-05-22 08:00:00+00:00,213.66799926757812,213.8081723415672,213.10730697162182,0.19047959621659127
0,0,0.0,0,0,0,0,0,1,0,0,0.75,0.75,0,0,0,0,0,,0,0.8023168659324288,1.0,0,0,1,1,0.8360467110641325,1.9999999999998324,4.000000000000411,0.00020090798927549635,2488.7014289631543,0.0,0.0,0.0,0.0,0.0,0.0,0.0,0.0,0.0,0.0,0,GBPUSD,2026-05-22 08:00:00+00:00,1.343021035194397,1.3435606825058681,1.3408624459485121,0.1899347301765008
0,0,0.0,0,0,0,0,0,1,0,0,0.75,0.75,0,0,0,0,0,,0,0.6988348903328498,1.0,0,0,1,1,0.8360467110641325,1.999999999999776,4.000000000000359,0.00023065492305751647,2167.7404209377105,0.0,0.0,0.0,0.0,0.0,0.0,0.0,0.0,0.0,0.0,0,GBPUSD,2026-05-22 08:30:00+00:00,1.3430390357971191,1.3436585929280491,1.340560807273399,0.1952828641438753
0,0,0.0,0,0,0,0,0,1,0,0,0.75,0.75,0,0,0,0,0,,0,0.6880892049966538,0.0,0,0,1,1,0.765184333857537,2.0000000000000444,4.0,0.0003400786230481466,1470.2482488268645,0.0,0.0,0.0,0.0,0.0,0.0,0.0,0.0,0.0,0.0,0,GBPJPY,2026-05-22 08:30:00+00:00,213.61900329589844,213.764297808894,213.03782524391613,0.19047959621659127
0,0,0.0,0,0,1,0,0,0,1,0,0.75,0.75,0,0,0,0,0,,0,0.7655479487195815,1.0,0,1,1,1,0.9078025310132976,2.0179616602915895,4.0,0.00021061407761170255,2352.879538012846,0.0,0.0,0.0,0.0,0.0,0.0,0.0,0.0,0.0,0.0,0,GBPUSD,2026-05-22 09:00:00+00:00,1.3426603078842163,1.3432309534638953,1.3403777255655003,0.1903957335069776
0,0,0.0,0,0,1,0,0,1,1,0,0.75,0.75,0,0,0,0,0,,0,0.7007233494094888,0.3998778998778999,0,1,1,1,0.8308582113593306,1.7624539260889152,4.0,0.0003339969846900427,1698.789943689071,0.0,0.0,0.0,0.0,0.0,0.0,0.0,0.0,0.0,0.0,0,GBPJPY,2026-05-22 09:00:00+00:00,213.58700561523438,213.7127345238665,213.08408998070593,0.18914719119534248
0,0,0.0,0,0,1,0,0,0,1,0,0.9000000000000001,0.9000000000000001,0,0,0,0,0,,0,0.08516593929843833,1.0,0,0,1,1,0.8131296893779997,0.8635718811910015,4.0,0.000440034491103476,2631.5691602084653,0.0,0.0,0.0,0.0,0.0,0.0,0.0,0.0,0.0,0.0,0,EURCAD,2026-05-22 09:00:00+00:00,1.6000200510025024,1.6006280608831456,1.59758801147993,0.1668384128619699
0,0,0.0,0,0,1,0,0,0,1,0,0.75,0.75,0,0,0,0,0,,0,0.7550573707648719,1.0,0,0,1,1,0.8747618399446866,3.435561793325321,4.0,0.00021360621994213853,1362.6626147494953,0.0,0.0,0.0,0.0,0.0,0.0,0.0,0.0,0.0,0.0,0,GBPUSD,2026-05-22 09:30:00+00:00,1.3422459363937378,1.3432309534638953,1.3383058681131077,0.16295208223553398
0,0,0.0,0,0,1,0,0,0,1,0,0.9000000000000001,0.9000000000000001,0,0,0,0,0,,0,0.08772734841082207,1.0,0,0,1,1,0.8131296893779997,1.4309074462164524,4.0,0.0004272854502931828,1635.5745779836843,0.0,0.0,0.0,0.0,0.0,0.0,0.0,0.0,0.0,0.0,0,EURCAD,2026-05-22 09:30:00+00:00,1.5996500253677368,1.6006280608831456,1.5957378833061018,0.1710884655152014
1,0,0.0,0,1,1,0,0,0,1,0,0.75,0.75,0,0,0,0,0,,0,1.6516170459459036,1.0,0,1,1,1,0.8871634642833284,2.9514491369409748,4.0,0.00024933733258501083,0.0,0.0,0.0,0.0,0.0,0.0,0.0,0.0,0.0,0.0,0.0,1,EURJPY,2026-05-22 09:30:00+00:00,184.56100463867188,184.42518500400496,185.10428317733954,0.3799746672808014
0,0,0.0,0,0,1,0,0,1,1,0,0.75,0.75,0,0,0,0,0,,0,0.7021593998876785,1.0,0,0,1,1,0.8006180120367974,2.229671113895841,4.0,0.00033336541052301507,1345.3604499680787,0.0,0.0,0.0,0.0,0.0,0.0,0.0,0.0,0.0,0.0,0,GBPJPY,2026-05-22 09:30:00+00:00,213.5540008544922,213.7127345238665,212.919066176995,0.155802273205291
0,0,0.0,0,0,0,0,0,1,0,0,0.75,0.75,0,0,0,0,0,,0,0.737730694091895,0.3000610500610501,-1,0,1,1,0.765184333857537,2.0000000000000493,4.0,0.00031723502951757433,1576.1185035597982,0.0,0.0,0.0,0.0,0.0,0.0,0.0,0.0,0.0,0.0,0,GBPJPY,2026-05-22 10:00:00+00:00,213.5919952392578,213.7275129650867,213.04992433594225,0.18044767681023444
1,0,0.0,0,1,0,0,0,0,0,0,0.75,0.75,0,0,0,0,0,,0,1.7131189442342707,1.0,-1,1,1,1,0.8871634642833284,3.962795813846095,4.0,0.0002403339083040556,0.0,0.0,0.0,0.0,0.0,0.0,0.0,0.0,0.0,0.0,0.0,1,EURJPY,2026-05-22 10:00:00+00:00,184.6009979248047,184.42518500400496,185.3042496080036,0.3688131531098225
0,0,0.0,0,0,1,0,0,0,1,0,0.9000000000000001,0.9000000000000001,0,0,0,0,0,,0,0.08571785053117653,1.0,-1,0,1,1,0.8131296893779997,0.2820367441164577,4.0,0.0004370892505281624,8111.929762709012,0.0,0.0,0.0,0.0,0.0,0.0,0.0,0.0,0.0,0.0,0,EURCAD,2026-05-22 10:00:00+00:00,1.6004300117492676,1.6006273051256361,1.5996408382437934,0.1668384128619699
1,0,0.0,0,1,0,0,0,0,0,0,0.75,0.75,0,0,0,0,0,,0,1.7404124393086726,0.9211001806866091,-1,0,1,1,0.8548739597387386,2.9039749687150134,4.0,0.00023662774868825326,0.0,0.0,0.0,0.0,0.0,0.0,0.0,0.0,0.0,0.0,0.0,1,EURJPY,2026-05-22 10:30:00+00:00,184.552001953125,184.42518500400496,185.05926974960516,0.377985626545394
0,0,0.0,0,0,1,0,0,0,1,0,0.9000000000000001,0.9000000000000001,0,0,0,0,0,,0,0.08515556677086075,1.0,-1,0,1,1,0.8131296893779997,0.606757418537758,4.0,0.0004400385849212039,3745.3649819409543,0.0,0.0,0.0,0.0,0.0,0.0,0.0,0.0,0.0,0.0,0,EURCAD,2026-05-22 10:30:00+00:00,1.6002000570297241,1.6006273051256361,1.5984910646460762,0.1668384128619699
0,0,0.0,0,0,0,0,0,1,0,0,0.75,0.75,0,0,0,0,0,,0,0.768135319013393,1.0,-1,0,1,1,0.765184333857537,1.9999999999998341,4.000000000000437,0.0003047323183847357,1640.784287831175,0.0,0.0,0.0,0.0,0.0,0.0,0.0,0.0,0.0,0.0,0,GBPJPY,2026-05-22 10:30:00+00:00,213.5540008544922,213.68415446605363,213.03338640824637,0.17998892894381555
1,0,0.0,0,0,1,0,0,0,1,0,0.75,0.75,0,0,0,0,0,,0,1.6807719669706496,0.592049789198956,1,0,1,1,0.8412481444806573,2.0,4.0,0.00024505745048882975,0.0,0.0,0.0,0.0,0.0,0.0,0.0,0.0,0.0,0.0,0.0,1,EURJPY,2026-05-22 12:00:00+00:00,184.52699279785156,184.43655336904874,184.88875051306286,0.43859155253042936
0,0,0.0,0,0,0,1,0,0,0,0,0.9000000000000001,0.9000000000000001,0,0,0,0,0,,0,0.0829287186639056,1.0,1,0,1,1,0.729441619664142,1.9999999999998663,4.000000000000307,0.00045184629700197916,1106.5709807019693,0.0,0.0,0.0,0.0,0.0,0.0,0.0,0.0,0.0,0.0,0,EURCAD,2026-05-22 12:00:00+00:00,1.6002299785614014,1.6016760945417303,1.594445514640085,0.1570096781286712
1,0,0.0,0,0,1,0,0,0,1,0,0.75,0.75,0,0,0,0,0,,0,1.483370691280178,0.9604497088937964,1,1,0,1,0.7857367958918892,2.0000000000001985,4.0,0.00027762662832712845,0.0,0.0,0.0,0.0,0.0,0.0,0.0,0.0,0.0,0.0,0.0,0,EURJPY,2026-05-22 12:30:00+00:00,184.55499267578125,184.4525179150662,184.9648917186414,0.15809496575273635
0,0,0.0,0,0,0,1,0,0,0,0,0.9000000000000001,0.9000000000000001,0,0,0,0,0,,0,0.07470752774670719,1.0,1,0,1,1,0.729441619664142,2.0000000000000044,4.0,0.0005013942520195117,997.2192500933207,0.0,0.0,0.0,0.0,0.0,0.0,0.0,0.0,0.0,0.0,0,EURCAD,2026-05-22 12:30:00+00:00,1.600790023803711,1.6023952776369617,1.594369008470708,0.14618204177093014
0,0,0.0,0,0,0,0,0,1,0,0,0.75,0.75,0,0,0,0,0,,0,0.6293383586938863,0.0,1,0,1,1,0.8227209828648928,2.000000000000047,4.0,0.0002559433585930015,1953.5572352751806,0.0,0.0,0.0,0.0,0.0,0.0,0.0,0.0,0.0,0.0,0,GBPUSD,2026-05-22 13:00:00+00:00,1.3439956903457642,1.3446836638876074,1.3412437961783912,0.31240593105746467
0,0,0.0,0,0,0,0,0,1,0,0,0.75,0.75,0,0,0,0,0,,0,0.6955236691407465,0.0,1,0,1,1,0.75298807936558,2.000000000000138,3.9999999999998024,0.0003362074468269178,1487.1770530929653,0.0,0.0,0.0,0.0,0.0,0.0,0.0,0.0,0.0,0.0,0,GBPJPY,2026-05-22 13:00:00+00:00,213.7689971923828,213.91273864989643,213.1940313623284,0.28502609726158007
1,0,0.0,0,0,1,0,0,0,1,0,0.75,0.75,0,0,0,0,0,,0,1.563101886248646,1.0,1,0,1,1,0.8412481444806573,1.0667660309716118,4.0,0.0002633882940311774,0.0,0.0,0.0,0.0,0.0,0.0,0.0,0.0,0.0,0.0,0.0,0,EURJPY,2026-05-22 13:00:00+00:00,184.60899353027344,184.55712326107192,184.8164746070795,0.42709849534679695
0,0,0.0,0,0,0,1,0,0,0,0,0.9000000000000001,0.9000000000000001,0,0,0,0,0,,0,0.0736489434268757,1.0,1,0,1,1,0.729441619664142,2.000000000000111,3.9999999999997273,0.0005084326459801282,983.4144285446109,0.0,0.0,0.0,0.0,0.0,0.0,0.0,0.0,0.0,0.0,0,EURCAD,2026-05-22 13:00:00+00:00,1.6013200283050537,1.602948355063158,1.594806721272637,0.1457323883583779
0,0,0.0,0,0,0,0,0,1,0,0,0.75,0.75,0,0,0,0,0,,0,0.4556141780620756,0.0,1,0,1,1,0.8227209828648928,1.999999999999943,4.0,0.0003534814501028018,1414.5013829002935,0.0,0.0,0.0,0.0,0.0,0.0,0.0,0.0,0.0,0.0,0,GBPUSD,2026-05-22 13:30:00+00:00,1.3441944122314453,1.3451447078115566,1.3403932299110002,0.3110240141923727
1,0,0.0,0,0,1,0,0,0,1,0,0.75,0.75,0,0,0,0,0,,0,1.4478892221116104,1.0,1,0,1,1,0.8412481444806573,1.5407244613028197,4.0,0.0002843021784384988,0.0,0.0,0.0,0.0,0.0,0.0,0.0,0.0,0.0,0.0,0.0,0,EURJPY,2026-05-22 13:30:00+00:00,184.63800048828125,184.55712326107192,184.96150939711856,0.4276405093730512
0,0,0.0,0,0,0,0,0,1,0,0,0.75,0.75,0,0,0,0,0,,0,0.5482637188670613,0.0,1,0,1,1,0.75298807936558,2.000000000000084,3.999999999999844,0.00042642671104192444,1172.5344286672068,0.0,0.0,0.0,0.0,0.0,0.0,0.0,0.0,0.0,0.0,0,GBPJPY,2026-05-22 13:30:00+00:00,213.81100463867188,213.99335408565716,213.08160685073076,0.163059786145371
0,0,0.0,0,0,0,1,0,0,0,0,0.9000000000000001,0.9000000000000001,0,0,0,0,0,,0,0.07025835508448013,1.0,1,0,1,1,0.729441619664142,2.0000000000000737,3.99999999999987,0.0005327794013490435,938.4747209331638,0.0,0.0,0.0,0.0,0.0,0.0,0.0,0.0,0.0,0.0,0,EURCAD,2026-05-22 13:30:00+00:00,1.601889967918396,1.6035968758746653,1.5950623360933192,0.1457323883583779
0,0,0.0,0,0,0,1,0,0,0,0,0.9000000000000001,0.9000000000000001,0,0,0,0,0,,0,0.06543581125867898,1.0,1,1,1,1,0.7583028070740083,1.9999999999998923,4.0000000000002425,0.0005726201198978782,873.179238077065,0.0,0.0,0.0,0.0,0.0,0.0,0.0,0.0,0.0,0.0,0,EURCAD,2026-05-22 14:00:00+00:00,1.6002800464630127,1.6021127515671643,1.592949226046406,0.13193219875200798
0,0,0.0,0,0,0,1,0,0,0,0,0.9000000000000001,0.9000000000000001,0,0,0,0,0,,0,0.06475202292937102,1.0,1,0,0,1,0.6449977632142717,2.0000000000000835,3.99999999999988,0.0005779195154662721,865.1723754242378,0.0,0.0,0.0,0.0,0.0,0.0,0.0,0.0,0.0,0.0,0,EURCAD,2026-05-22 14:30:00+00:00,1.6023499965667725,1.604202055234019,1.5949417618977864,0.12105948071940431
0,0,0.0,0,0,0,1,0,0,0,0,0.9000000000000001,0.9000000000000001,0,0,0,0,0,,0,0.06738885136681189,1.0,-1,0,0,1,0.6600030608979562,2.000000000000117,3.9999999999997504,0.0005551192751530408,900.7073297213932,0.0,0.0,0.0,0.0,0.0,0.0,0.0,0.0,0.0,0.0,0,EURCAD,2026-05-22 15:00:00+00:00,1.6028900146484375,1.604669604934601,1.595771653503784,0.10056823628665666
0,0,0.0,0,0,0,1,0,0,0,0,0.9000000000000001,0.9000000000000001,0,0,0,0,0,,0,0.06788789697167577,1.0,-1,0,0,1,0.6600030608979562,2.000000000000123,3.9999999999997486,0.0005511520399591641,907.1906910423759,0.0,0.0,0.0,0.0,0.0,0.0,0.0,0.0,0.0,0.0,0,EURCAD,2026-05-22 15:30:00+00:00,1.602560043334961,1.6043265518090433,1.595494009438632,0.10056823628665666
0,0,0.0,0,0,0,0,0,1,0,0,0.9000000000000001,0.75,0,0,0,0,0,,0,1.5051404901997794,1.0,-1,0,1,1,0.7707093218243304,1.9999999999999505,4.0,0.00015501346210321855,3225.5263073027695,0.0,0.0,0.0,0.0,0.0,0.0,0.0,0.0,0.0,0.0,0,EURUSD,2026-05-25 15:00:00+00:00,1.1644154787063599,1.1647764788557216,1.162971478108913,0.23820713950355746
0,0,0.0,0,0,0,0,0,1,0,0,0.9000000000000001,0.75,0,0,0,0,0,,0,1.3476584468870252,1.0,-1,0,1,1,0.7707093218243304,2.00000000000037,3.9999999999994493,0.0001730672511761887,2889.050335068242,0.0,0.0,0.0,0.0,0.0,0.0,0.0,0.0,0.0,0.0,1,EURUSD,2026-05-25 15:30:00+00:00,1.1648223400115967,1.1652255252125856,1.1632095992076412,0.19554926723807428
0,0,0.0,0,0,1,0,0,0,1,0,0.9000000000000001,0.75,0,0,0,0,0,,0,2.4553204122508463,1.0,2,0,1,1,0.7367525703507646,5.967676658656118,4.0,9.500296113372507e-05,1763.833447807951,0.0,0.0,0.0,0.0,0.0,0.0,0.0,0.0,0.0,0.0,0,EURUSD,2026-05-25 18:00:00+00:00,1.164686679840088,1.1653469954051927,1.1620454175796686,0.25609335600133454
0,0,0.0,0,0,1,0,0,0,1,0,0.9000000000000001,0.75,0,0,0,0,0,,0,3.1369767109360076,1.0,2,1,1,1,0.7727475353814236,9.189495133955699,4.0,7.436773696791909e-05,1463.2676856888886,0.0,0.0,0.0,0.0,0.0,0.0,0.0,0.0,0.0,0.0,0,EURUSD,2026-05-25 18:30:00+00:00,1.1645511388778687,1.1653469954051927,1.1613677127685724,0.1894477694064637
0,0,0.0,0,0,0,0,0,1,0,0,0.75,0.75,0,0,0,0,0,,0,0.6076834911546074,1.0,-1,0,0,1,0.681308035905298,1.9999999999999694,4.0,0.0004097814099810686,1220.162720468718,0.0,0.0,0.0,0.0,0.0,0.0,0.0,0.0,0.0,0.0,0,EURCAD,2026-05-26 10:00:00+00:00,1.6065800189971924,1.6078967122480565,1.6013132459937358,0.10259612584982082
0,0,0.0,0,0,0,0,0,1,0,0,0.75,0.75,0,0,0,0,0,,0,0.6276773438731105,1.0,-1,0,0,1,0.681308035905298,2.000000000000033,4.0,0.0003966987394526534,1260.4022908917448,0.0,0.0,0.0,0.0,0.0,0.0,0.0,0.0,0.0,0.0,0,EURCAD,2026-05-26 10:30:00+00:00,1.6066999435424805,1.6079746952270444,1.6016009368042248,0.10558912429319382
0,0,0.0,0,0,0,0,0,1,0,0,0.75,0.75,0,0,0,0,0,,0,2.5795257569658547,1.0,1,0,1,1,0.8227209828648928,2.000000000000026,4.0,0.00019422854056850105,2574.2869638854754,0.0,0.0,0.0,0.0,0.0,0.0,0.0,0.0,0.0,0.0,1,GBPUSD,2026-05-26 12:00:00+00:00,1.3469464778900146,1.3474697087872636,1.344853554301019,0.36868732001298843
0,0,0.0,0,0,0,0,0,1,0,0,0.75,0.75,0,0,0,0,0,,0,0.8258202201079952,0.0,1,0,0,1,0.665818365479927,2.0000000000000093,4.0,0.0003918318964107803,1276.0574230430145,0.0,0.0,0.0,0.0,0.0,0.0,0.0,0.0,0.0,0.0,0,EURCAD,2026-05-26 12:00:00+00:00,1.6069799661636353,1.6082392981789073,1.601942638102547,0.13931916959889565
0,0,0.0,0,0,0,0,0,1,0,0,0.75,0.75,0,0,0,0,0,,0,0.8312310096177499,0.0,1,0,0,1,0.665818365479927,1.999999999999953,4.000000000000178,0.00038915781816514306,1284.8257870225589,0.0,0.0,0.0,0.0,0.0,0.0,0.0,0.0,0.0,0.0,0,EURCAD,2026-05-26 12:30:00+00:00,1.6074899435043335,1.6087410780626066,1.602485405271241,0.13935324430308893
0,0,0.0,0,0,0,0,0,1,0,0,0.75,0.75,0,0,0,0,0,,0,3.1076886704237547,1.0,1,0,1,1,0.8227209828648928,1.99999999999998,4.0,0.00016116224407328793,3102.463625243589,0.0,0.0,0.0,0.0,0.0,0.0,0.0,0.0,0.0,0.0,1,GBPUSD,2026-05-26 12:30:00+00:00,1.3474183082580566,1.3478526141745852,1.3456810845919422,0.3191078235817658
1,0,0.0,0,1,0,0,0,0,0,0,0.75,0.75,0,0,0,0,0,,0,0.7717035964492795,0.8909839618552232,1,0,1,1,0.7878569810099082,1.5392973694546057,4.0,0.00043912604596376054,0.0,0.0,0.0,0.0,0.0,0.0,0.0,0.0,0.0,0.0,0.0,0,EURAUD,2026-05-26 12:45:00+00:00,1.623110055923462,1.6220129218757402,1.6274985921143488,0.14340359552625545
1,0,0.0,0,1,0,0,0,0,0,0,0.75,0.75,0,0,0,0,0,,0,0.7406365717926895,0.0,1,0,1,1,0.7878569810099082,2.000000000000023,4.0,0.0004578899951003531,0.0,0.0,0.0,0.0,0.0,0.0,0.0,0.0,0.0,0.0,0.0,0,EURAUD,2026-05-26 13:15:00+00:00,1.6218899488449097,1.6204046544834498,1.627831126290749,0.13802463175729882
1,0,0.0,0,1,0,0,0,0,0,0,0.75,0.75,0,0,0,0,0,,0,0.6891403018065038,0.0,1,0,1,1,0.7878569810099082,1.999999999999885,4.0,0.0004923427719181227,0.0,0.0,0.0,0.0,0.0,0.0,0.0,0.0,0.0,0.0,0.0,1,EURAUD,2026-05-26 13:45:00+00:00,1.621109962463379,1.6195136789183724,1.627495096643405,0.13705745224891355
0,0,0.0,0,0,0,0,0,1,0,0,0.75,0.75,0,0,0,0,0,,0,0.6845163448837444,1.0,1,0,1,1,0.75298807936558,1.9999999999999551,4.0000000000001465,0.00047340956959851575,1056.1679190896923,0.0,0.0,0.0,0.0,0.0,0.0,0.0,0.0,0.0,0.0,0,EURCAD,2026-05-26 14:00:00+00:00,1.6046299934387207,1.606149287827838,1.598552815882251,0.14776240002285365
0,0,0.0,0,0,0,0,0,1,0,1,0.75,0.75,0,0,0,0,0,,0,0.8247436773845064,1.0,1,1,1,1,0.7827809092372446,1.9999999999998312,4.000000000000337,0.0002832258177550008,1765.3757837590845,0.0,0.0,0.0,0.0,0.0,0.0,0.0,0.0,0.0,0.0,0,EURUSD,2026-05-26 14:00:00+00:00,1.163061261177063,1.163720079130655,1.1604259893626947,0.2834928361750955
1,0,0.0,0,1,0,0,0,1,0,0,0.75,0.75,0,0,0,0,0,,0,0.6637654982402907,0.0,1,1,1,1,0.8190294386379332,2.0000000000000053,4.0,0.0005111958692993695,0.0,0.0,0.0,0.0,0.0,0.0,0.0,0.0,0.0,0.0,0.0,1,EURAUD,2026-05-26 14:15:00+00:00,1.6210099458694458,1.6193526386926025,1.627639174576819,0.31859536665456745
0,0,0.0,0,0,0,0,0,1,0,1,0.75,0.75,0,0,0,0,0,,0,0.8853075910941063,1.0,1,1,1,1,0.7827809092372446,1.9999999999997315,4.0000000000003615,0.0002639117360658094,1894.5728123109554,0.0,0.0,0.0,0.0,0.0,0.0,0.0,0.0,0.0,0.0,0,EURUSD,2026-05-26 14:30:00+00:00,1.1627906560897827,1.1634044042912421,1.1603356632839448,0.3057279432036637
0,0,0.0,0,0,0,0,0,1,0,0,0.75,0.75,0,0,0,0,0,,0,0.7012417996588394,1.0,1,1,1,1,0.7827809092372446,2.0000000000000764,3.9999999999998503,0.0004621296869463031,1081.9473713189045,0.0,0.0,0.0,0.0,0.0,0.0,0.0,0.0,0.0,0.0,0,EURCAD,2026-05-26 14:30:00+00:00,1.6045900583267212,1.6060731157293846,1.5986578287160678,0.13515438939360444
1,0,0.0,0,1,0,0,0,1,0,0,0.75,0.75,0,0,0,0,0,,0,0.6491113033939266,0.0,1,1,0,1,0.7358687492403924,2.000000000000004,4.0,0.0005224625284332416,0.0,0.0,0.0,0.0,0.0,0.0,0.0,0.0,0.0,0.0,0.0,0,EURAUD,2026-05-26 14:45:00+00:00,1.6218600273132324,1.6201653051319627,1.6286389160383115,0.15258872344285213
1,0,0.0,0,1,0,0,0,0,0,0,0.75,0.75,0,0,0,0,0,,0,0.6630315445874015,0.0,-1,0,0,1,0.7128576228701912,0.008539721245266241,4.0,0.000511443062942669,0.0,0.0,0.0,0.0,0.0,0.0,0.0,0.0,0.0,0.0,0.0,0,EURAUD,2026-05-26 15:15:00+00:00,1.6220200061798096,1.6220129218757402,1.622048343396087,0.12129956279155255
1,0,0.0,0,1,0,0,0,0,0,0,0.75,0.75,0,0,0,0,0,,0,0.7006900310257143,0.09102730819245773,-1,0,0,1,0.7128576228701912,0.8371267795450558,4.0,0.0004837617533874331,0.0,0.0,0.0,0.0,0.0,0.0,0.0,0.0,0.0,0.0,0.0,0,EURAUD,2026-05-26 15:45:00+00:00,1.62267005443573,1.6220129218757402,1.625298584675689,0.11952479299555366
0,0,0.0,0,0,0,0,0,1,0,0,0.75,0.75,0,0,0,0,0,,0,0.8493762122269294,0.8846859238881247,2,0,1,1,0.6997306219732784,1.9999999999998994,4.000000000000181,0.0003811050251529268,1311.9743036696752,0.0,0.0,0.0,0.0,0.0,0.0,0.0,0.0,0.0,0.0,0,EURCAD,2026-05-26 19:00:00+00:00,1.6063899993896484,1.607614405991894,1.601492372980666,0.19236825880193173
0,0,0.0,0,0,0,0,0,1,0,0,0.75,0.75,0,0,0,0,0,,0,0.908333573986573,0.42320036680421824,2,0,1,1,0.6997306219732784,1.9999999999998905,4.000000000000194,0.0003563153488090688,1403.2513661597886,0.0,0.0,0.0,0.0,0.0,0.0,0.0,0.0,0.0,0.0,0,EURCAD,2026-05-26 19:30:00+00:00,1.6066299676895142,1.6077749015242029,1.602050232350759,0.32783911912223473
0,0,0.0,0,0,0,0,0,0,0,1,0.75,0.75,0,0,0,0,0,,0,0.6098724061953696,1.0,0,0,1,1,0.7261245594392123,2.000000000000004,4.0,0.0003825224039381177,1307.1129817559292,0.0,0.0,0.0,0.0,0.0,0.0,0.0,0.0,0.0,0.0,0,EURUSD,2026-05-27 08:00:00+00:00,1.1645511388778687,1.1654420726801735,1.1609874036686492,0.12424466422298264
0,0,0.0,0,0,0,0,0,0,0,1,0.75,0.75,0,0,0,0,0,,0,0.5995294749652134,1.0,0,0,1,1,0.7261245594392123,1.999999999999821,4.000000000000245,0.00038903098624240654,1285.2446660598214,0.0,0.0,0.0,0.0,0.0,0.0,0.0,0.0,0.0,0.0,0,EURUSD,2026-05-27 08:30:00+00:00,1.1648223400115967,1.1657286439790604,1.1611971241417416,0.12403226853569664
0,0,0.0,0,0,0,0,0,1,0,1,0.75,0.75,0,0,0,0,0,,0,0.6854846306939175,1.0,0,0,1,1,0.765184333857537,1.999999999999817,4.00000000000028,0.00034016985074384953,1469.8539535667126,0.0,0.0,0.0,0.0,0.0,0.0,0.0,0.0,0.0,0.0,0,EURUSD,2026-05-27 09:00:00+00:00,1.1650937795639038,1.1658864391180974,1.1619231413471292,0.17998892894381555
0,0,0.0,0,0,0,0,0,1,0,0,0.75,0.75,0,0,0,0,0,,0,2.567353774480696,1.0,0,0,1,1,0.8360467110641325,1.9999999999999143,4.0,0.0001954516748728066,2558.1771060565466,0.0,0.0,0.0,0.0,0.0,0.0,0.0,0.0,0.0,0.0,0,GBPUSD,2026-05-27 09:00:00+00:00,1.3448632955551147,1.3453890071222971,1.3427604492863852,0.29799371834281246
0,0,0.0,0,0,0,0,0,1,0,0,0.75,0.75,0,0,0,0,0,,0,2.718154928336953,1.0,0,1,1,1,0.8676250902729753,2.0000000000002203,3.999999999999553,0.00018459823336557161,2708.584967927419,0.0,0.0,0.0,0.0,0.0,0.0,0.0,0.0,0.0,0.0,0,GBPUSD,2026-05-27 09:30:00+00:00,1.344935655593872,1.3454322010858981,1.342949473625768,0.2918156326374573
0,0,0.0,0,0,0,0,0,1,0,1,0.75,0.75,0,0,0,0,0,,0,0.7609194334054173,1.0,0,0,1,1,0.765184333857537,1.999999999999985,4.0,0.0003065180526186422,1631.2252923715532,0.0,0.0,0.0,0.0,0.0,0.0,0.0,0.0,0.0,0.0,0,EURUSD,2026-05-27 09:30:00+00:00,1.1648223400115967,1.1655364181622108,1.1619660274091403,0.18044767681023444
0,0,0.0,0,0,0,0,0,0,0,1,0.9000000000000001,0.75,0,0,0,0,0,,0,0.7531875017794546,1.0,-1,0,1,1,0.7322524825696347,1.9999999999997073,4.0000000000006155,0.0003097007174771363,1614.4618716841876,0.0,0.0,0.0,0.0,0.0,0.0,0.0,0.0,0.0,0.0,0,EURUSD,2026-05-27 10:00:00+00:00,1.164686679840088,1.1654080884408529,1.1618010454370276,0.20327331712264957
0,0,0.0,0,0,0,0,0,0,0,1,0.9000000000000001,0.75,0,0,0,0,0,,0,0.7153467009863029,1.0,-1,1,1,1,0.7599104426634776,1.9999999999997435,4.000000000000584,0.00032619735281097317,1532.8144011328231,0.0,0.0,0.0,0.0,0.0,0.0,0.0,0.0,0.0,0.0,0,EURUSD,2026-05-27 10:30:00+00:00,1.1642799377441406,1.1650395078113867,1.161241657475156,0.18036158590388496
0,0,0.0,0,0,0,0,0,1,0,0,0.75,0.75,0,0,0,0,0,,0,2.618503467467771,1.0,1,0,1,1,0.8227209828648928,2.0000000000001745,3.9999999999995692,0.00019183989922709596,2606.3399846142906,0.0,0.0,0.0,0.0,0.0,0.0,0.0,0.0,0.0,0.0,0,GBPUSD,2026-05-27 12:00:00+00:00,1.343418002128601,1.3439334444768976,1.3413562327354154,0.3215703763339221
0,0,0.0,0,0,1,0,0,1,1,0,0.75,0.75,0,0,0,0,0,,0,0.6280737075050393,1.0,1,0,1,1,0.7878569810099082,1.9030638076470725,4.0,0.0003715668869810481,1414.1961354934926,0.0,0.0,0.0,0.0,0.0,0.0,0.0,0.0,0.0,0.0,0,EURUSD,2026-05-27 12:00:00+00:00,1.1641442775726318,1.164967462029409,1.160851539745523,0.2770911290161265
0,0,0.0,0,0,1,0,0,1,1,0,0.75,0.75,0,0,0,0,0,,0,0.5010627461229629,0.0,1,0,1,1,0.7878569810099082,1.9999999999998104,4.0,0.0004650479404446467,1075.1579708577613,0.0,0.0,0.0,0.0,0.0,0.0,0.0,0.0,0.0,0.0,1,EURUSD,2026-05-27 12:30:00+00:00,1.1659088134765625,1.1669932204614695,1.1615711855369346,0.13452568601777729
1,0,0.0,0,0,0,0,0,1,0,0,0.75,0.75,0,0,0,0,0,,0,0.5851376590277224,1.0,1,1,1,1,0.8552728743835395,2.000000000000108,3.99999999999975,0.000565999331184097,0.0,0.0,0.0,0.0,0.0,0.0,0.0,0.0,0.0,0.0,0.0,1,USDCHF,2026-05-27 13:00:00+00:00,0.785040020942688,0.7841513566890753,0.7885946779571384,0.30490813545528545
0,0,0.0,0,0,0,0,0,1,0,0,0.75,0.75,0,0,0,0,0,,0,0.4608816778745713,1.0,1,0,1,1,0.75298807936558,2.0000000000001124,3.9999999999998117,0.0005059459199717044,988.2479139824566,0.0,0.0,0.0,0.0,0.0,0.0,0.0,0.0,0.0,0.0,1,EURUSD,2026-05-27 13:00:00+00:00,1.1650937795639038,1.1662727284522134,1.1603779840106656,0.1457323883583779
1,0,0.0,0,0,0,0,0,1,0,0,0.75,0.75,0,0,0,0,0,,0,0.6053607981283253,1.0,1,0,1,1,0.8227209828648928,1.9999999999998954,4.0000000000002585,0.0005470075272380902,0.0,0.0,0.0,0.0,0.0,0.0,0.0,0.0,0.0,0.0,0.0,1,USDCHF,2026-05-27 13:30:00+00:00,0.7851600050926208,0.784301028226877,0.7885959125555966,0.3089165452847833
0,0,0.0,0,0,0,0,0,1,0,0,0.75,0.75,0,0,0,0,0,,0,0.4460426886511018,1.0,1,0,1,1,0.75298807936558,2.0000000000000195,4.0,0.0005229605049716865,956.0951453247229,0.0,0.0,0.0,0.0,0.0,0.0,0.0,0.0,0.0,0.0,1,EURUSD,2026-05-27 13:30:00+00:00,1.164686679840088,1.1659048501085338,1.159813998766304,0.14618204177093014
0,0,0.0,0,0,0,0,0,1,0,0,0.75,0.9000000000000001,0,0,0,0,0,,0,0.27644539392580103,0.0,1,0,1,1,0.7611144775614128,2.0000000000001164,3.999999999999733,0.0005165118797985489,968.0319457414648,0.0,0.0,0.0,0.0,0.0,0.0,0.0,0.0,0.0,0.0,0,EURCAD,2026-05-27 13:45:00+00:00,1.6104700565338135,1.6121337103663327,1.603815441203737,0.13507179454930512
0,0,0.0,0,0,0,0,0,1,0,0,0.75,0.9000000000000001,0,0,0,0,0,,0,0.27249514759549864,0.0,1,0,1,1,0.7611144775614128,2.000000000000126,3.999999999999737,0.0005239540007688346,954.2822447510339,0.0,0.0,0.0,0.0,0.0,0.0,0.0,0.0,0.0,0.0,1,EURCAD,2026-05-27 14:15:00+00:00,1.610610008239746,1.6122977793547373,1.6038589237797818,0.13507179454930512
0,0,0.0,0,0,0,0,0,1,0,0,0.75,0.9000000000000001,0,0,0,0,0,,0,0.2633472566737453,0.0,1,0,1,1,0.7611144775614128,2.000000000000047,3.999999999999873,0.0005422690534429989,922.0515108235772,0.0,0.0,0.0,0.0,0.0,0.0,0.0,0.0,0.0,0.0,0,EURCAD,2026-05-27 14:45:00+00:00,1.6102700233459473,1.6120164225486422,1.6032844265351678,0.13507179454930512
1,0,0.0,0,0,0,1,0,0,0,0,0.75,0.75,0,0,0,0,0,,0,0.7997249473912118,1.0,2,0,0,1,0.5647958295017605,1.9999999999999751,4.0,0.000422129777483161,0.0,0.0,0.0,0.0,0.0,0.0,0.0,0.0,0.0,0.0,0.0,0,EURAUD,2026-05-27 18:00:00+00:00,1.6292999982833862,1.6279244461919289,1.6348022066492156,0.12677517787890755
1,0,0.0,0,0,0,1,0,0,0,0,0.75,0.75,0,0,0,0,0,,0,0.8139293912867638,1.0,2,0,0,1,0.5647958295017605,2.0000000000000773,3.9999999999998357,0.0004148265456442155,0.0,0.0,0.0,0.0,0.0,0.0,0.0,0.0,0.0,0.0,0.0,0,EURAUD,2026-05-27 18:30:00+00:00,1.6290500164031982,1.6276984700212258,1.6344562019310878,0.12620583786440492
0,0,0.0,0,0,0,0,0,1,0,0,0.75,0.75,0,0,0,0,0,,0,0.7943084250772534,1.0,2,1,1,1,0.7339168335759311,1.999999999999742,4.000000000000649,0.00029400971141805497,1700.6240970357273,0.0,0.0,0.0,0.0,0.0,0.0,0.0,0.0,0.0,0.0,1,EURUSD,2026-05-27 19:00:00+00:00,1.1633317470550537,1.1640158087175239,1.1605955004051727,0.3170963629998169
1,0,0.0,0,0,0,1,0,0,0,0,0.75,0.75,0,0,0,0,0,,0,0.8289857289106999,1.0,2,0,0,1,0.5647958295017605,2.000000000000033,4.0,0.0004073623392104821,0.0,0.0,0.0,0.0,0.0,0.0,0.0,0.0,0.0,0.0,0.0,0,EURAUD,2026-05-27 19:00:00+00:00,1.6287699937820435,1.6274429946726376,1.6340779902196667,0.12645440247019138
0,0,0.0,0,0,0,0,0,1,0,0,0.75,0.75,0,0,0,0,0,,0,0.803527247643461,1.0,2,1,1,1,0.7339168335759311,1.9999999999997893,4.000000000000329,0.00029060272602445187,1720.561974212113,0.0,0.0,0.0,0.0,0.0,0.0,0.0,0.0,0.0,0.0,1,EURUSD,2026-05-27 19:30:00+00:00,1.1634671688079834,1.1641433822697744,1.160762314960819,0.3170963629998169
1,0,0.0,0,0,1,0,0,0,1,0,0.75,0.75,0,0,0,0,0,,0,0.49753165641696057,1.0,-1,1,1,1,0.8655166370279631,1.999999999999999,4.0,0.00034195478641683026,0.0,0.0,0.0,0.0,0.0,0.0,0.0,0.0,0.0,0.0,0.0,0,GBPAUD,2026-05-28 10:00:00+00:00,1.8813300132751465,1.8800433536694083,1.886476651698099,0.29134784885728987
1,0,0.0,0,0,1,0,0,0,1,0,0.75,0.75,0,0,0,0,0,,0,0.5046683327724565,1.0,-1,0,1,1,0.8340149978037769,2.0000000000001026,4.0,0.0003370510081841556,0.0,0.0,0.0,0.0,0.0,0.0,0.0,0.0,0.0,0.0,0.0,0,GBPAUD,2026-05-28 10:30:00+00:00,1.8817100524902344,1.8804415879496301,1.8867839106526514,0.29076745661470327
1,0,0.0,0,0,0,1,0,0,0,0,0.75,0.75,0,0,0,0,0,,0,0.6763205534797688,1.0,1,0,1,1,0.7443576584225893,2.0000000000000733,3.9999999999998637,0.0004984803284082669,0.0,0.0,0.0,0.0,0.0,0.0,0.0,0.0,0.0,0.0,0.0,0,EURAUD,2026-05-28 14:00:00+00:00,1.631500005722046,1.629873464404745,1.6380061709912492,0.14876389780099047
1,0,0.0,0,0,0,1,0,0,0,0,0.75,0.75,0,0,0,0,0,,0,0.5197187252232122,1.0,1,0,1,1,0.7443576584225893,1.9999999999999287,4.000000000000105,0.0006493034325619407,0.0,0.0,0.0,0.0,0.0,0.0,0.0,0.0,0.0,0.0,0.0,0,EURAUD,2026-05-28 14:30:00+00:00,1.6299400329589844,1.6278233816424437,1.6384066382251474,0.14477270256410935
1,0,0.0,0,0,0,1,0,0,0,0,0.75,0.75,0,0,0,0,0,,0,0.5067562158220241,1.0,-1,0,1,1,0.7564141247650684,2.000000000000054,3.999999999999898,0.0006666115891414362,0.0,0.0,0.0,0.0,0.0,0.0,0.0,0.0,0.0,0.0,0.0,0,EURAUD,2026-05-28 15:00:00+00:00,1.6282299757003784,1.6260591817571997,1.6369131514730932,0.11110250484018065
1,0,0.0,0,0,0,1,0,0,0,0,0.75,0.75,0,0,0,0,0,,0,0.5677101448044356,1.0,-1,0,1,1,0.7564141247650684,2.0000000000001075,3.999999999999771,0.0005952471634478781,0.0,0.0,0.0,0.0,0.0,0.0,0.0,0.0,0.0,0.0,0.0,0,EURAUD,2026-05-28 15:30:00+00:00,1.6276600360870361,1.6257223160479595,1.6354109162433423,0.11110250484018065
0,0,0.0,0,0,0,0,0,0,0,1,0.75,0.9000000000000001,0,0,0,0,0,,0,1.2824071989613581,0.0,2,0,0,1,0.6248799769526244,2.000000000000299,3.9999999999995355,0.00017788995445638988,2810.7264489884474,0.0,0.0,0.0,0.0,0.0,0.0,0.0,0.0,0.0,0.0,0,GBPUSD,2026-05-28 19:00:00+00:00,1.3440136909484863,1.3444918640170296,1.3421009986743135,0.2111402576213648
0,0,0.0,0,0,0,0,0,0,0,1,0.75,0.9000000000000001,0,0,0,0,0,,0,1.4916916614741087,0.0,2,0,0,1,0.6248799769526244,2.000000000000511,3.9999999999989195,0.00015289703144553371,3270.1746742413798,0.0,0.0,0.0,0.0,0.0,0.0,0.0,0.0,0.0,0.0,0,GBPUSD,2026-05-28 19:30:00+00:00,1.3443208932876587,1.3447319786354466,1.3426765518965076,0.2111402576213648
